generation,total_organisms,total_energy,avg_speed,avg_size,avg_reproduction_threshold,total_speed,total_size,total_reproduction_threshold,avg_energy
0,10,30,1,1.098357,5,10,10.98357,50,3
1,10,-inf,1,1.098357,5,10,10.98357,50,-inf
2,8,29.978941,1,1.1117918,5,8,8.894335,40,3.7473676
3,8,33.07058,1,1.1117918,5,8,8.894335,40,4.1338224
4,8,36.162216,1,1.1117918,5,8,8.894335,40,4.520277
5,9,39.253853,1.0212523,1.1564099,5.0086503,9.191271,10.407689,45.077854,4.3615394
6,15,42.953255,1.0388638,1.1364064,4.8959265,15.582957,17.046097,73.438896,2.8635504
7,16,49.17762,1.0397577,1.125006,4.8803596,16.636124,18.000095,78.085754,3.0736012
8,16,55.763435,1.0397577,1.125006,4.8803596,16.636124,18.000095,78.085754,3.4852147
9,17,62.349255,1.0511732,1.1412365,4.8647776,17.869946,19.401022,82.70122,3.6676033
10,19,69.5133,1.0667797,1.1658199,4.857941,20.268816,22.150578,92.30088,3.6585946
11,21,77.80693,1.0704721,1.1684141,4.8390117,22.479914,24.536695,101.61925,3.705092
12,26,87.01443,1.08703,1.1477727,4.8144436,28.262781,29.842089,125.17553,3.3467088
13,32,97.9838,1.1002603,1.1367686,4.82146,35.20833,36.376595,154.28671,3.0619938
14,34,111.76911,1.1097945,1.1580343,4.818189,37.733013,39.37317,163.81844,3.2873268
15,37,126.85427,1.118457,1.1678965,4.8333673,41.382908,43.21217,178.8346,3.4284937
16,39,143.03535,1.1216886,1.1612186,4.838633,43.745857,45.28753,188.7067,3.6675732
17,44,160.79887,1.1316707,1.1683158,4.835179,49.79351,51.405895,212.74786,3.6545198
18,56,180.53183,1.1667131,1.1903569,4.80426,65.33594,66.65998,269.03854,3.2237828
19,62,205.6218,1.1705308,1.1745514,4.7938924,72.57291,72.82218,297.2213,3.3164806
20,69,233.81679,1.1725235,1.1686654,4.8242025,80.90412,80.63792,332.86996,3.388649
21,78,265.08688,1.1939203,1.1875916,4.814525,93.12578,92.63214,375.53296,3.3985498
22,87,301.00684,1.215909,1.2028322,4.805968,105.78408,104.6464,418.1192,3.4598486
23,102,342.91547,1.2317239,1.2039996,4.7918267,125.63584,122.80796,488.76633,3.3619163
24,116,391.84274,1.2589971,1.2174225,4.7790494,146.04366,141.22101,554.36975,3.3779547
25,128,450.73337,1.270195,1.213742,4.7891726,162.58496,155.35898,613.0141,3.5213544
26,155,514.64545,1.2926353,1.218853,4.789378,200.35847,188.92221,742.35364,3.3202932
27,179,586.3881,1.3067532,1.2158629,4.776721,233.90881,217.63945,855.0331,3.2759113
28,198,660.9102,1.3291495,1.2273844,4.7511816,263.1716,243.02211,940.73395,3.3379304
29,219,746.6545,1.3344567,1.2288414,4.7632003,292.246,269.11627,1043.1409,3.4093812
30,255,842.5834,1.3719095,1.24662,4.7398386,349.8369,317.88812,1208.6588,3.3042486
31,287,955.94116,1.3895012,1.2468725,4.7304683,398.78687,357.85242,1357.6444,3.3308055
32,325,1071.9291,1.4129331,1.2465584,4.7056,459.20328,405.13147,1529.32,3.2982433
33,355,1198.4702,1.4270649,1.2532883,4.6995173,506.60803,444.91733,1668.3286,3.3759725
34,405,1326.4742,1.443551,1.2593783,4.701702,584.6381,510.04822,1904.1895,3.275245
35,450,-340282350000000000000000000000000000000,1.4603571,1.2606622,4.691138,657.1607,567.298,2111.012,-756183000000000000000000000000000000
36,510,1621.6998,1.4744056,1.258107,4.6819777,751.9469,641.6345,2387.8086,3.1798036
37,554,1784.7173,1.4958259,1.2641114,4.671763,828.68756,700.3177,2588.1567,3.2215114
38,624,1956.0741,1.520679,1.2686434,4.6478977,948.9037,791.6335,2900.288,3.1347342
39,674,-340282350000000000000000000000000000000,1.5436463,1.2709733,4.6365623,1040.4176,856.63605,3125.043,-504869940000000000000000000000000000
40,751,-340282350000000000000000000000000000000,1.5669085,1.2747558,4.6267314,1176.7483,957.3417,3474.6753,-453105660000000000000000000000000000
41,844,-340282350000000000000000000000000000000,1.5919135,1.2792244,4.6259465,1343.575,1079.6654,3904.2988,-403178140000000000000000000000000000
42,923,2834.2344,1.619874,1.2856296,4.6103787,1495.1437,1186.6361,4255.3794,3.0706766
43,1013,3089.6228,1.650346,1.2924021,4.598786,1671.8005,1309.2034,4658.5703,3.0499732
44,1111,-340282350000000000000000000000000000000,1.6840072,1.2993023,4.5784044,1870.932,1443.5249,5086.6074,-306284750000000000000000000000000000
45,1215,-340282350000000000000000000000000000000,1.706898,1.2985394,4.5668216,2073.881,1577.7253,5548.688,-280067770000000000000000000000000000
46,1290,-inf,1.7223016,1.3003938,4.5650897,2221.769,1677.508,5888.966,-inf
47,1372,-340282350000000000000000000000000000000,1.739962,1.3012298,4.5595284,2387.2278,1785.2874,6255.673,-248019200000000000000000000000000000
48,1460,4185.369,1.7414987,1.2949818,4.5548577,2542.5881,1890.6735,6650.0923,2.866691
49,1538,-inf,1.7421865,1.2884657,4.5563874,2679.483,1981.6603,7007.7236,-inf
50,1648,4619.7466,1.7534922,1.2844865,4.5456595,2889.7551,2116.8337,7491.247,2.8032444
51,1750,-inf,1.774486,1.288433,4.5322156,3105.3503,2254.7576,7931.3774,-inf
52,1867,-340282350000000000000000000000000000000,1.8116541,1.2899967,4.515364,3382.3582,2408.4238,8430.185,-182261580000000000000000000000000000
53,2021,-340282350000000000000000000000000000000,1.8581156,1.2929394,4.4877896,3755.2515,2613.0305,9069.823,-168373250000000000000000000000000000
54,2146,-inf,1.9110241,1.3023862,4.4601016,4101.0576,2794.9207,9571.378,-inf
55,2330,-340282350000000000000000000000000000000,1.9720613,1.3114607,4.433715,4594.903,3055.7036,10330.556,-146043930000000000000000000000000000
56,2519,-inf,2.0552616,1.3215542,4.398046,5177.204,3328.9949,11078.678,-inf
57,2705,-inf,2.1358986,1.3305554,4.366392,5777.6055,3599.1523,11811.091,-inf
58,2932,-340282350000000000000000000000000000000,2.2073817,1.3379344,4.3394036,6472.0435,3922.8237,12723.132,-116058100000000000000000000000000000
59,3110,-inf,2.2641113,1.3405699,4.322273,7041.3857,4169.1724,13442.269,-inf
60,3333,-inf,2.3260589,1.346228,4.3009458,7752.754,4486.978,14335.053,-inf
61,3546,-inf,2.3813257,1.3470429,4.289669,8444.181,4776.6143,15211.167,-inf
62,3738,-inf,2.4177046,1.3461092,4.2899175,9037.38,5031.756,16035.711,-inf
63,3968,-340282350000000000000000000000000000000,2.4897316,1.3481158,4.276535,9879.255,5349.3237,16969.291,-85756640000000000000000000000000000
64,4236,-inf,2.5774226,1.3526908,4.2594895,10917.962,5729.998,18043.197,-inf
65,4554,-inf,2.6945477,1.3619848,4.2191706,12270.97,6202.479,19214.104,-inf
66,4869,-inf,2.7890098,1.3710574,4.18761,13579.688,6675.678,20389.475,-inf
67,5198,-340282350000000000000000000000000000000,2.8967853,1.3799419,4.1621437,15057.489,7172.938,21634.824,-65464090000000000000000000000000000
68,5466,-inf,2.9908113,1.3837918,4.1437564,16347.774,7563.806,22649.773,-inf
69,5681,-inf,3.0592687,1.3859533,4.1351933,17379.705,7873.601,23492.033,-inf
70,5839,-inf,3.13029,1.3853518,4.1298413,18277.764,8089.0693,24114.143,-inf
71,5945,-inf,3.217017,1.3842703,4.125849,19125.166,8229.487,24528.17,-inf
72,6003,-inf,3.2868018,1.3824959,4.120689,19730.672,8299.123,24736.496,-inf
73,6055,-inf,3.4071064,1.3807334,4.1067004,20630.03,8360.341,24866.072,-inf
74,6074,-inf,3.5040789,1.3718379,4.087982,21283.775,8332.543,24830.404,-inf
75,6013,-inf,3.582463,1.3551522,4.072596,21541.35,8148.531,24488.521,-inf
76,6027,-340282350000000000000000000000000000000,3.690672,1.34202,4.0548773,22243.68,8088.355,24438.746,-56459657000000000000000000000000000
77,6064,-inf,3.78943,1.3289496,4.0411835,22979.104,8058.75,24505.736,-inf
78,6123,10410.805,3.9421976,1.317498,4.0230646,24138.076,8067.04,24633.225,1.7002784
79,6203,-inf,4.0896144,1.3091304,4.0052285,25367.879,8120.536,24844.434,-inf
80,6270,-inf,4.197949,1.2933607,4.0004015,26321.139,8109.3716,25082.518,-inf
81,6311,-inf,4.3497605,1.2821599,3.992039,27451.34,8091.7114,25193.758,-inf
82,6307,-inf,4.479986,1.2753471,3.9766722,28255.273,8043.6143,25080.871,-inf
83,6316,-inf,4.618181,1.2781157,3.9590325,29168.432,8072.579,25005.25,-inf
84,6247,-inf,4.708727,1.2838883,3.9522471,29415.416,8020.45,24689.688,-inf
85,6104,-inf,4.8003182,1.2901168,3.9517286,29301.143,7874.8726,24121.352,-inf
86,5915,-inf,4.8813334,1.2981042,3.9544673,28873.086,7678.286,23390.674,-inf
87,5641,-340282350000000000000000000000000000000,4.953655,1.303638,3.9614131,27943.566,7353.822,22346.332,-60323055000000000000000000000000000
88,5353,8241.606,5.107417,1.3130533,3.9736083,27340.004,7028.774,21270.725,1.5396239
89,4991,-inf,5.138553,1.3171778,4.002772,25646.518,6574.034,19977.834,-inf
90,4610,-inf,5.0521846,1.316486,4.037611,23290.57,6069.0005,18613.387,-inf
91,4216,-340282350000000000000000000000000000000,4.8989367,1.3107605,4.0866094,20653.918,5526.166,17229.145,-80712130000000000000000000000000000
92,3896,-inf,4.681795,1.3014944,4.137101,18240.273,5070.622,16118.1455,-inf
93,3574,-inf,4.3193207,1.2875575,4.213527,15437.253,4601.7305,15059.146,-inf
94,3316,6063.9316,3.9983122,1.2777568,4.2687726,13258.403,4237.0415,14155.25,1.8286886
95,3179,-340282350000000000000000000000000000000,3.866313,1.2741374,4.3124275,12291.009,4050.483,13709.207,-107040680000000000000000000000000000
96,3158,6295.5796,3.8910313,1.2727109,4.322944,12287.877,4019.221,13651.857,1.9935337
97,3152,-inf,3.9896967,1.2719727,4.3384914,12575.524,4009.2578,13674.925,-inf
98,3160,6598.081,4.254316,1.2790158,4.3338046,13443.639,4041.6897,13694.823,2.0880003
99,3169,6520.089,4.264653,1.2825843,4.352685,13514.687,4064.5098,13793.659,2.0574594
100,3104,6438.084,3.973585,1.2839546,4.383808,12334.008,3985.3953,13607.34,2.074125
101,3077,6479.5625,3.6211333,1.2788768,4.4025264,11142.228,3935.104,13546.573,2.1058052
102,3037,6484.134,3.3361032,1.2762709,4.4313374,10131.745,3876.0347,13457.972,2.1350458
103,3025,6601.8984,3.0209818,1.269168,4.4546328,9138.47,3839.2334,13475.264,2.1824458
104,3035,6753.002,2.7962482,1.2655603,4.474704,8486.613,3840.9753,13580.726,2.2250419
105,3099,7069.3037,2.733948,1.2618802,4.4768834,8472.505,3910.5667,13873.862,2.2811563
106,3225,-340282350000000000000000000000000000000,2.8538306,1.2613178,4.4744763,9203.604,4067.7502,14430.186,-105513910000000000000000000000000000
107,3341,-inf,3.0576415,1.2608982,4.478077,10215.58,4212.661,14961.255,-inf
108,3425,-inf,3.2025387,1.2614264,4.4783025,10968.695,4320.3857,15338.187,-inf
109,3519,-340282350000000000000000000000000000000,3.3014057,1.2619139,4.4806967,11617.646,4440.675,15767.572,-96698600000000000000000000000000000
110,3574,8002.5903,3.285325,1.2655826,4.4854445,11741.752,4523.192,16030.979,2.239113
111,3619,-inf,3.202691,1.2676033,4.491475,11590.539,4587.456,16254.648,-inf
112,3643,-inf,3.1921928,1.2692766,4.4908648,11629.158,4623.9746,16360.221,-inf
113,3664,-340282350000000000000000000000000000000,3.2584229,1.2718762,4.4769487,11938.861,4660.1543,16403.541,-92871820000000000000000000000000000
114,3667,-inf,3.1925344,1.2730072,4.4666743,11707.023,4668.117,16379.294,-inf
115,3687,8350.975,3.11432,1.2762733,4.4548583,11482.498,4705.6196,16425.063,2.2649782
116,3715,8319.096,3.1090624,1.2776871,4.4436684,11550.167,4746.6074,16508.229,2.239326
117,3742,8235.578,3.1113908,1.2809714,4.4342566,11642.824,4793.395,16592.988,2.2008493
118,3731,8144.175,2.9412038,1.2831117,4.433307,10973.632,4787.2896,16540.67,2.1828396
119,3699,8114.019,2.8247142,1.285666,4.4273543,10448.618,4755.6787,16376.784,2.193571
120,3688,8118.366,2.7459435,1.2879916,4.4177837,10127.04,4750.1133,16292.787,2.2012923
121,3693,-inf,2.686877,1.2861658,4.414684,9922.637,4749.8105,16303.428,-inf
122,3665,8086.9004,2.5059075,1.28565,4.410756,9184.151,4711.907,16165.421,2.2065213
123,3676,8163.4067,2.45743,1.2859062,4.4104767,9033.513,4726.991,16212.913,2.2207308
124,3707,-340282350000000000000000000000000000000,2.4621425,1.2904637,4.4093027,9127.162,4783.749,16345.285,-91794540000000000000000000000000000
125,3720,8290.742,2.4665864,1.2942092,4.409337,9175.701,4814.4585,16402.734,2.2286942
126,3752,8320.252,2.4858284,1.2985036,4.4115243,9326.828,4871.986,16552.04,2.2175512
127,3758,8313.74,2.4958348,1.3007842,4.4218216,9379.348,4888.347,16617.205,2.212278
128,3772,-340282350000000000000000000000000000000,2.5196974,1.3023592,4.4267054,9504.299,4912.499,16697.533,-90212710000000000000000000000000000
129,3754,-340282350000000000000000000000000000000,2.517834,1.3018525,4.4388566,9451.948,4887.1543,16663.467,-90645270000000000000000000000000000
130,3744,8333.772,2.519853,1.3021966,4.4465623,9434.33,4875.4243,16647.93,2.2259007
131,3743,8363.04,2.5289366,1.3037845,4.452291,9465.81,4880.0654,16664.926,2.2343147
132,3725,8322.472,2.5246782,1.3051641,4.4547515,9404.427,4861.7363,16593.95,2.2342205
133,3695,-340282350000000000000000000000000000000,2.507733,1.3066102,4.4621844,9266.074,4827.925,16487.771,-92092650000000000000000000000000000
134,3662,-340282350000000000000000000000000000000,2.4882402,1.3066064,4.468487,9111.936,4784.7925,16363.599,-92922540000000000000000000000000000
135,3646,-340282350000000000000000000000000000000,2.4459767,1.3030293,4.4722953,8918.031,4750.8447,16305.988,-93330320000000000000000000000000000
136,3605,8253.392,2.390068,1.2995423,4.4721737,8616.195,4684.85,16122.187,2.289429
137,3574,-inf,2.3585727,1.2944288,4.4748554,8429.539,4626.2886,15993.133,-inf
138,3552,-340282350000000000000000000000000000000,2.314303,1.2872326,4.475432,8220.404,4572.2505,15896.733,-95800210000000000000000000000000000
139,3542,-340282350000000000000000000000000000000,2.2833493,1.2845789,4.4782214,8087.6235,4549.9785,15861.86,-96070680000000000000000000000000000
140,3538,8385.179,2.2472901,1.281641,4.4762897,7950.9126,4534.446,15837.112,2.3700335
141,3544,8470.778,2.2212336,1.2789251,4.4745526,7872.052,4532.5103,15857.814,2.3901744
142,3557,8572.131,2.220565,1.2767107,4.474889,7898.55,4541.2603,15917.179,2.4099329
143,3581,8662.633,2.221329,1.2755735,4.4738536,7954.579,4567.8286,16020.869,2.419054
144,3609,-inf,2.2210724,1.2762498,4.4769325,8015.8506,4605.9854,16157.249,-inf
145,3623,8786.207,2.2104695,1.2755176,4.4765224,8008.5313,4621.2,16218.441,2.4251192
146,3647,-340282350000000000000000000000000000000,2.1972382,1.2734268,4.4785094,8013.3276,4644.1875,16333.123,-93304730000000000000000000000000000
147,3667,8888.796,2.17973,1.2725525,4.47872,7993.0693,4666.45,16423.467,2.4239967
148,3691,-inf,2.1734588,1.2717946,4.4769855,8022.2363,4694.194,16524.553,-inf
149,3723,8987.462,2.1641078,1.272108,4.476386,8056.973,4736.058,16665.586,2.4140375
150,3749,-340282350000000000000000000000000000000,2.1562307,1.2720003,4.4736004,8083.7085,4768.729,16771.527,-90766160000000000000000000000000000
151,3777,9152.565,2.157744,1.274093,4.473638,8149.799,4812.2495,16896.932,2.4232368
152,3813,9220.206,2.1582253,1.2755944,4.4712386,8229.313,4863.8413,17048.832,2.4180975
153,3837,9286.696,2.1427226,1.2756013,4.469557,8221.627,4894.482,17149.69,2.4203014
154,3869,-inf,2.1427367,1.2760203,4.4707966,8290.248,4936.9224,17297.512,-inf
155,3886,9400.342,2.1411703,1.2770637,4.470165,8320.588,4962.6694,17371.06,2.4190278
156,3899,9432.57,2.1429281,1.2783952,4.4727087,8355.276,4984.463,17439.092,2.419228
157,3928,9488.34,2.1474545,1.2791739,4.4733906,8435.201,5024.5947,17571.479,2.4155653
158,3971,-340282350000000000000000000000000000000,2.1625385,1.2811005,4.4781647,8587.44,5087.25,17782.791,-85691850000000000000000000000000000
159,3986,-340282350000000000000000000000000000000,2.1517591,1.2809411,4.4813275,8576.912,5105.8315,17862.572,-85369380000000000000000000000000000
160,4014,9605.622,2.1361573,1.282214,4.486412,8574.535,5146.807,18008.457,2.39303
161,4031,9645.149,2.1366465,1.2824246,4.488527,8612.822,5169.4536,18093.252,2.3927436
162,4058,9668.777,2.1314888,1.2820718,4.4856386,8649.582,5202.6475,18202.72,2.382646
163,4060,9671.84,2.1223857,1.281809,4.4888473,8616.886,5204.1445,18224.72,2.3822265
164,4076,9716.782,2.1125453,1.2816328,4.4912615,8610.734,5223.935,18306.38,2.3839014
165,4092,9750.366,2.1083114,1.280459,4.4915113,8627.21,5239.638,18379.264,2.3827875
166,4117,9794.384,2.118293,1.2813755,4.4894967,8721.013,5275.423,18483.258,2.37901
167,4137,9827.538,2.1327183,1.2805339,4.4914966,8823.056,5297.569,18581.32,2.3755229
168,4174,9857.132,2.1554835,1.2800064,4.4885683,8996.988,5342.7466,18735.283,2.3615553
169,4194,-340282350000000000000000000000000000000,2.1738951,1.2784826,4.4896307,9117.316,5361.956,18829.512,-81135516000000000000000000000000000
170,4212,9955.078,2.191763,1.2779593,4.490492,9231.705,5382.7646,18913.951,2.363504
171,4235,-340282350000000000000000000000000000000,2.1696405,1.2793083,4.4919767,9188.428,5417.8706,19023.521,-80350023000000000000000000000000000
172,4261,9965.407,2.1692574,1.27896,4.490419,9243.206,5449.6484,19133.676,2.3387485
173,4259,10019.737,2.1427808,1.2796732,4.4917655,9126.104,5450.1284,19130.43,2.3526032
174,4254,10049.73,2.1016245,1.2798195,4.4898267,8940.311,5444.352,19099.723,2.3624191
175,4268,10099.01,2.1058743,1.279449,4.4895353,8987.871,5460.6885,19161.336,2.366216
176,4279,10142.699,2.1066988,1.2794019,4.49004,9014.563,5474.5605,19212.88,2.3703434
177,4292,10151.43,2.1004193,1.2805492,4.4897113,9015,5496.117,19269.84,2.365198
178,4295,10157.485,2.0816865,1.2790856,4.491283,8940.844,5493.673,19290.06,2.364956
179,4284,-340282350000000000000000000000000000000,2.067283,1.2785891,4.492062,8856.24,5477.4756,19243.994,-79430987000000000000000000000000000
180,4270,10209.871,2.0452726,1.2762474,4.493563,8733.314,5449.576,19187.516,2.3910706
181,4256,-340282350000000000000000000000000000000,2.0182757,1.2740896,4.4961386,8589.781,5422.5254,19135.566,-79953560000000000000000000000000000
182,4282,-340282350000000000000000000000000000000,2.0150194,1.2739522,4.495651,8628.313,5455.0635,19250.377,-79468085000000000000000000000000000
183,4290,10303.191,1.9959185,1.2728643,4.497279,8562.49,5460.588,19293.328,2.4016764
184,4316,-inf,1.9802339,1.2719954,4.4982867,8546.689,5489.932,19414.605,-inf
185,4316,10374.923,1.9670908,1.2720716,4.5005765,8489.964,5490.261,19424.488,2.4038284
186,4330,10427.674,1.951657,1.2728194,4.5023103,8450.675,5511.308,19495.004,2.4082386
187,4342,-inf,1.9403995,1.2726496,4.504452,8425.215,5525.8447,19558.332,-inf
188,4360,10490.387,1.9382306,1.2724639,4.5037947,8450.686,5547.943,19636.545,2.406052
189,4369,10519.566,1.9300985,1.2720026,4.508128,8432.601,5557.3794,19696.012,2.4077744
190,4371,10544.028,1.9174637,1.272452,4.5109468,8381.233,5561.8877,19717.348,2.412269
191,4398,10572.339,1.9110996,1.2727565,4.514428,8405.016,5597.583,19854.455,2.403897
192,4415,-340282350000000000000000000000000000000,1.9045241,1.2731826,4.515186,8408.474,5621.1016,19934.545,-77074140000000000000000000000000000
193,4425,10668.895,1.9055293,1.2738205,4.515373,8431.967,5636.656,19980.527,2.4110496
194,4437,10728.066,1.902776,1.2747555,4.513869,8442.617,5656.09,20028.035,2.4178648
195,4467,10757.935,1.9054905,1.274324,4.5136833,8511.826,5692.406,20162.623,2.408313
196,4483,10795.587,1.9097352,1.2746513,4.511665,8561.343,5714.2617,20225.793,2.4081166
197,4511,-340282350000000000000000000000000000000,1.9170434,1.275259,4.5099125,8647.783,5752.6934,20344.215,-75433906000000000000000000000000000
198,4519,10877.3125,1.9190352,1.2754167,4.5082936,8672.12,5763.6084,20372.979,2.4070177
199,4540,10924.838,1.9276724,1.2761481,4.5079017,8751.633,5793.7124,20465.873,2.406352
200,4563,-340282350000000000000000000000000000000,1.9321417,1.2765988,4.5082088,8816.362,5825.1206,20570.957,-74574260000000000000000000000000000
201,4572,11053.277,1.9322126,1.277193,4.510412,8834.076,5839.326,20621.605,2.4176023
202,4574,-340282350000000000000000000000000000000,1.926315,1.2775261,4.516207,8810.965,5843.405,20657.133,-74394920000000000000000000000000000
203,4600,11085.382,1.9261012,1.2778187,4.5166454,8860.065,5877.966,20776.568,2.4098656
204,4615,-340282350000000000000000000000000000000,1.9285501,1.2788879,4.51776,8900.259,5902.0674,20849.46,-73733987000000000000000000000000000
205,4640,11207.577,1.9348254,1.2795433,4.5167923,8977.59,5937.0806,20957.916,2.415426
206,4649,-340282350000000000000000000000000000000,1.9287167,1.281312,4.520948,8966.604,5956.8193,21017.887,-73194740000000000000000000000000000
207,4650,11197.257,1.9186276,1.2812572,4.5254116,8921.618,5957.8457,21043.164,2.4080122
208,4644,11204.766,1.9099228,1.2818719,4.5305676,8869.682,5953.013,21039.955,2.4127402
209,4651,11222.734,1.883932,1.2819597,4.536268,8762.168,5962.3945,21098.184,2.4129725
210,4649,-340282350000000000000000000000000000000,1.8705871,1.2815887,4.540802,8696.359,5958.1055,21110.188,-73194740000000000000000000000000000
211,4664,11241.317,1.8611282,1.2812804,4.5408177,8680.302,5975.8916,21178.375,2.410231
212,4661,11276.951,1.8558322,1.2817125,4.5418816,8650.034,5974.062,21169.71,2.4194274
213,4674,11295.498,1.843936,1.2815664,4.543497,8618.557,5990.0415,21236.305,2.4166663
214,4689,11336.302,1.8427428,1.281766,4.542668,8640.621,6010.201,21300.57,2.4176373
215,4707,-340282350000000000000000000000000000000,1.8410419,1.2820513,4.5433908,8665.784,6034.6157,21385.74,-72292830000000000000000000000000000
216,4708,11395.352,1.8397843,1.2827996,4.543633,8661.704,6039.4204,21391.424,2.420423
217,4701,11410.449,1.8334343,1.28347,4.546599,8618.975,6033.593,21373.563,2.4272387
218,4717,11427.93,1.830151,1.2840029,4.549279,8632.822,6056.6416,21458.95,2.4227114
219,4731,-340282350000000000000000000000000000000,1.8285245,1.2847025,4.5492277,8650.749,6077.9277,21522.396,-71926094000000000000000000000000000
220,4731,-340282350000000000000000000000000000000,1.8264966,1.2850531,4.549605,8641.155,6079.5864,21524.182,-71926094000000000000000000000000000
221,4731,11481.069,1.8262991,1.2855965,4.5513453,8640.221,6082.157,21532.414,2.4267743
222,4741,11498.947,1.8198912,1.2862849,4.5537734,8628.1045,6098.277,21589.44,2.4254265
223,4749,11527.847,1.8173258,1.2869147,4.555824,8630.48,6111.558,21635.607,2.427426
224,4754,-inf,1.8140432,1.2866467,4.5593443,8623.961,6116.7188,21675.123,-inf
225,4750,11546.095,1.8105909,1.2866787,4.5588818,8600.307,6111.7236,21654.69,2.4307568
226,4764,11589.213,1.8093723,1.2870129,4.5604057,8619.85,6131.3296,21725.773,2.4326644
227,4779,11591.427,1.8077571,1.2870579,4.5624504,8639.271,6150.8496,21803.951,2.425492
228,4794,11613.622,1.8094401,1.2879676,4.5613923,8674.456,6174.5166,21867.314,2.4225328
229,4811,11649.221,1.8110492,1.2878945,4.563766,8712.958,6196.0605,21956.28,2.421372
230,4831,11670.85,1.8132722,1.288571,4.564515,8759.918,6225.0864,22051.172,2.415825
231,4844,11692.585,1.8150759,1.2885809,4.5655885,8792.228,6241.8857,22115.71,2.4138284
232,4852,11701.494,1.8167405,1.2888743,4.5677395,8814.825,6253.6177,22162.672,2.4116848
233,4872,-340282350000000000000000000000000000000,1.8128157,1.2901726,4.5698094,8832.038,6285.7207,22264.111,-69844490000000000000000000000000000
234,4878,11767.155,1.8065717,1.2899387,4.572653,8812.457,6292.321,22305.4,2.412291
235,4875,-inf,1.8034796,1.2908328,4.5759306,8791.963,6292.8096,22307.662,-inf
236,4874,11791.017,1.7937508,1.2907163,4.5774565,8742.741,6290.951,22310.523,2.4191663
237,4876,-340282350000000000000000000000000000000,1.7858746,1.2915455,4.580192,8707.925,6297.576,22333.016,-69787190000000000000000000000000000
238,4865,11810.24,1.7809424,1.2914568,4.583079,8664.285,6282.9375,22296.678,2.427593
239,4866,-340282350000000000000000000000000000000,1.7736629,1.2918295,4.5865326,8630.644,6286.042,22318.068,-69930610000000000000000000000000000
240,4873,11866.052,1.7716489,1.291897,4.5884724,8633.245,6295.4146,22359.627,2.435061
241,4893,11885.32,1.7665393,1.2924674,4.5900893,8643.677,6324.0425,22459.307,2.4290457
242,4892,-340282350000000000000000000000000000000,1.7622994,1.2931879,4.592004,8621.169,6326.275,22464.082,-69558945000000000000000000000000000
243,4904,11918.755,1.7612174,1.2935032,4.592309,8637.01,6343.3394,22520.684,2.430415
244,4900,11947.485,1.7589802,1.294259,4.594623,8619.003,6341.869,22513.652,2.4382622
245,4917,11975.985,1.7578641,1.2951784,4.5953093,8643.418,6368.392,22595.135,2.4356284
246,4922,11996.925,1.7546875,1.2959632,4.597631,8636.572,6378.7305,22629.54,2.4374084
247,4944,12024.687,1.7533118,1.2966288,4.5999546,8668.373,6410.533,22742.176,2.4321778
248,4953,12071.446,1.7525227,1.2968217,4.6020775,8680.245,6423.1577,22794.09,2.4371989
249,4963,12082.247,1.7505606,1.2966624,4.6050835,8688.032,6435.336,22855.03,2.4344645
250,4973,-340282350000000000000000000000000000000,1.7503828,1.2967823,4.605307,8704.653,6448.8984,22902.193,-68425970000000000000000000000000000
251,4977,12139.279,1.7479827,1.2968216,4.6066136,8699.71,6454.2813,22927.115,2.4390757
252,4980,12166.719,1.749056,1.2966266,4.6055956,8710.299,6457.2,22935.865,2.4431162
253,4988,-340282350000000000000000000000000000000,1.748288,1.297556,4.606838,8720.461,6472.2095,22978.91,-68220197000000000000000000000000000
254,4998,-340282350000000000000000000000000000000,1.7501972,1.2981758,4.6053514,8747.485,6488.2827,23017.547,-68083700000000000000000000000000000
255,5003,12235.5,1.7516711,1.2984308,4.606198,8763.61,6496.0493,23044.807,2.4456327
256,5012,-inf,1.7498901,1.2997559,4.607823,8770.449,6514.377,23094.408,-inf
257,5018,12267.71,1.7510729,1.3005188,4.608098,8786.884,6526.003,23123.436,2.444741
258,5040,12286.048,1.7512519,1.3013434,4.610497,8826.31,6558.771,23236.904,2.437708
259,5050,12286.652,1.7459698,1.3016813,4.614502,8817.147,6573.49,23303.234,2.4330006
260,5048,12305.986,1.7424804,1.3026345,4.616145,8796.041,6575.6987,23302.3,2.4377944
261,5049,12305.071,1.736414,1.3036693,4.618143,8767.154,6582.2266,23317.004,2.4371305
262,5051,12314.724,1.7256575,1.3040206,4.620102,8716.296,6586.6084,23336.135,2.4380763
263,5063,12333.267,1.7212012,1.3039844,4.620109,8714.441,6602.073,23391.611,2.4359603
264,5066,-inf,1.715765,1.303928,4.621876,8692.065,6605.699,23414.422,-inf
265,5073,-340282350000000000000000000000000000000,1.7125947,1.3042831,4.624032,8687.993,6616.6284,23457.715,-67077140000000000000000000000000000
266,5077,12355.828,1.7108886,1.3050601,4.6245713,8686.182,6625.7905,23478.95,2.4336867
267,5080,12370.118,1.706488,1.304295,4.6253104,8668.959,6625.8184,23496.578,2.4350626
268,5088,12381.531,1.7045014,1.3041288,4.6258793,8672.503,6635.407,23536.475,2.4334772
269,5083,12383.746,1.7031542,1.3040915,4.6272464,8657.133,6628.697,23520.293,2.4363065
270,5104,12387.738,1.7005537,1.3039585,4.627894,8679.626,6655.4043,23620.77,2.4270647
271,5117,12413.6455,1.6986518,1.3040564,4.6294274,8692.001,6672.857,23688.78,2.4259615
272,5107,12451.271,1.6965231,1.3040411,4.6291614,8664.144,6659.7383,23641.127,2.4380794
273,5098,12471.263,1.6933129,1.3043681,4.631123,8632.509,6649.669,23609.465,2.446305
274,5107,12487.696,1.6914566,1.3045397,4.631859,8638.269,6662.284,23654.902,2.4452116
275,5114,12498.371,1.6888936,1.3050243,4.6328654,8637.002,6673.894,23692.475,2.443952
276,5127,12514.369,1.6888316,1.3060838,4.6337533,8658.64,6696.2915,23757.252,2.4408755
277,5135,12543.989,1.6870259,1.3056314,4.6351237,8662.878,6704.4175,23801.36,2.442841
278,5126,12550.139,1.6848996,1.3053602,4.636566,8636.795,6691.2764,23767.04,2.44833
279,5128,12560.756,1.6833509,1.3056587,4.637175,8632.224,6695.418,23779.434,2.4494455
280,5131,12594.058,1.6829113,1.306368,4.636335,8635.018,6702.974,23789.035,2.4545035
281,5156,-340282350000000000000000000000000000000,1.6827934,1.3070152,4.6351376,8676.482,6738.97,23898.77,-65997350000000000000000000000000000
282,5155,12634.004,1.6807165,1.3073283,4.6353407,8664.094,6739.2773,23895.182,2.4508252
283,5167,12651.703,1.6800588,1.3075742,4.6352096,8680.864,6756.236,23950.127,2.4485588
284,5181,12685.887,1.6800257,1.3080134,4.6361156,8704.213,6776.818,24019.715,2.4485402
285,5192,12700.418,1.6791121,1.3081467,4.6362815,8717.95,6791.898,24071.572,2.4461515
286,5195,12705.967,1.6778177,1.3088049,4.6364913,8716.263,6799.241,24086.572,2.445807
287,5196,12719.631,1.6765676,1.3088663,4.638337,8711.445,6800.869,24100.8,2.4479659
288,5208,12728.27,1.6753545,1.3093721,4.6374607,8725.246,6819.21,24151.896,2.4439843
289,5222,-340282350000000000000000000000000000000,1.6764679,1.3104378,4.636106,8754.516,6843.1064,24209.746,-65163223000000000000000000000000000
290,5225,12712.161,1.6743054,1.3114222,4.6368904,8748.246,6852.181,24227.752,2.4329495
291,5218,12730.561,1.6729763,1.3114947,4.637287,8729.59,6843.3794,24197.365,2.4397395
292,5212,12748.46,1.6707407,1.3116183,4.638231,8707.9,6836.155,24174.459,2.4459825
293,5207,12735.949,1.6684998,1.3119086,4.64027,8687.879,6831.1084,24161.887,2.4459283
294,5197,12725.198,1.6651835,1.3116142,4.643377,8653.959,6816.4585,24131.629,2.4485662
295,5190,-340282350000000000000000000000000000000,1.6616241,1.3116343,4.6441607,8623.829,6807.382,24103.193,-65565000000000000000000000000000000
296,5189,12767.381,1.6598788,1.3119686,4.645921,8613.111,6807.8047,24107.686,2.4604704
297,5205,12781.794,1.6581237,1.3129164,4.645606,8630.534,6833.73,24180.379,2.455676
298,5211,-inf,1.6570122,1.3138016,4.645673,8634.69,6846.22,24208.602,-inf
299,5209,12814.108,1.655446,1.3133938,4.644332,8623.219,6841.4688,24192.326,2.4599938
300,5211,12826.261,1.654194,1.3136691,4.6470256,8620.005,6845.53,24215.65,2.461382
301,5216,12828.349,1.6516054,1.3144568,4.64569,8614.773,6856.207,24231.92,2.4594226
302,5213,-340282350000000000000000000000000000000,1.6501939,1.3149605,4.6464705,8602.461,6854.8887,24222.05,-65275720000000000000000000000000000
303,5203,12850.498,1.6480033,1.3151013,4.6480165,8574.562,6842.472,24183.629,2.4698248
304,5207,-340282350000000000000000000000000000000,1.6463051,1.3154129,4.6472044,8572.311,6849.355,24197.992,-65350940000000000000000000000000000
305,5208,12872.844,1.6429584,1.3155866,4.647049,8556.527,6851.5747,24201.832,2.4717443
306,5205,12898.593,1.6423444,1.316119,4.6491632,8548.402,6850.399,24198.895,2.4781158
307,5215,12929.005,1.6404649,1.3155537,4.6497574,8555.024,6860.6123,24248.484,2.4791956
308,5216,12946.439,1.6389314,1.3152875,4.6514373,8548.666,6860.5396,24261.896,2.4820628
309,5215,-340282350000000000000000000000000000000,1.6377022,1.3151332,4.652903,8540.617,6858.4194,24264.889,-65250690000000000000000000000000000
310,5211,-340282350000000000000000000000000000000,1.6353291,1.3152875,4.6551185,8521.7,6853.963,24257.822,-65300778000000000000000000000000000
311,5218,13027.625,1.6342117,1.3156219,4.6549516,8527.316,6864.915,24289.537,2.4966702
312,5231,13045.5625,1.6328505,1.3162905,4.655039,8541.441,6885.5156,24350.508,2.4938946
313,5239,13071.618,1.632456,1.3162676,4.653882,8552.437,6895.9263,24381.688,2.4950597
314,5262,13093.6,1.6310874,1.3166603,4.6564603,8582.782,6928.2666,24502.293,2.4883313
315,5275,13120.589,1.6310616,1.3168955,4.6566925,8603.85,6946.6235,24564.053,2.4873154
316,5277,-340282350000000000000000000000000000000,1.6291813,1.3173951,4.655426,8597.189,6951.894,24566.684,-64484054000000000000000000000000000
317,5281,13167.787,1.6264241,1.3170872,4.6567802,8589.1455,6955.537,24592.457,2.4934268
318,5295,13179.345,1.6262213,1.3171203,4.6569324,8610.842,6974.152,24658.457,2.489017
319,5310,-inf,1.6252128,1.3173304,4.657332,8629.88,6995.024,24730.432,-inf
320,5312,13217.397,1.6224929,1.3175341,4.657486,8618.683,6998.741,24740.566,2.488215
321,5312,-340282350000000000000000000000000000000,1.6205661,1.3177252,4.6578684,8608.447,6999.7563,24742.596,-64059180000000000000000000000000000
322,5326,13247.241,1.6203117,1.3181499,4.655962,8629.78,7020.467,24797.652,2.4872777
323,5336,13248.891,1.6189443,1.3180856,4.6563826,8638.687,7033.3047,24846.457,2.4829254
324,5336,-inf,1.6174717,1.3181926,4.6568446,8630.829,7033.8755,24848.924,-inf
325,5347,13275.795,1.6170173,1.3186629,4.6567707,8646.191,7050.8906,24899.752,2.4828494
326,5357,-340282350000000000000000000000000000000,1.616138,1.3200823,4.658027,8657.651,7071.6807,24953.05,-63521065000000000000000000000000000
327,5354,13273.516,1.6145272,1.3200876,4.6572647,8644.179,7067.7485,24934.996,2.4791775
328,5357,13276.954,1.6139375,1.3202232,4.656884,8645.863,7072.4355,24946.93,2.4784307
329,5355,-340282350000000000000000000000000000000,1.6123594,1.320382,4.657838,8634.185,7070.6455,24942.72,-63544790000000000000000000000000000
330,5353,13283.955,1.6104465,1.3208746,4.659862,8620.72,7070.6416,24944.24,2.4815907
331,5365,13307.654,1.6093532,1.3207093,4.659883,8634.18,7085.606,25000.271,2.4804575
332,5368,13322.689,1.6073618,1.3204451,4.6615257,8628.318,7088.149,25023.07,2.481872
333,5369,13332.363,1.60619,1.3205955,4.6621017,8623.634,7090.2773,25030.824,2.4832118
334,5366,13325.109,1.6034472,1.3208566,4.663359,8604.098,7087.7163,25023.586,2.483248
335,5378,13333.908,1.6037561,1.3215085,4.663599,8625,7107.0728,25080.836,2.4793432
336,5386,13337.174,1.6032549,1.3217618,4.6637526,8635.131,7119.0093,25118.97,2.4762669
337,5389,13341.865,1.6020722,1.3221774,4.6658254,8633.567,7125.214,25144.133,2.475759
338,5400,13371.896,1.6013613,1.3221729,4.666275,8647.351,7139.7334,25197.885,2.476277
339,5409,13362.524,1.6013083,1.3232149,4.666188,8661.477,7157.2695,25239.41,2.4704242
340,5419,-340282350000000000000000000000000000000,1.600007,1.3234298,4.666678,8670.438,7171.666,25288.729,-62794305000000000000000000000000000
341,5417,13369.262,1.5994502,1.3228383,4.668064,8664.222,7165.815,25286.904,2.4680195
342,5418,-340282350000000000000000000000000000000,1.5981913,1.3239241,4.6677856,8659,7173.0205,25290.063,-62805900000000000000000000000000000
343,5427,13393.791,1.5975415,1.324282,4.668843,8669.857,7186.8784,25337.81,2.4679918
344,5448,-340282350000000000000000000000000000000,1.5959872,1.324275,4.6697145,8694.938,7214.6504,25440.605,-62460047000000000000000000000000000
345,5459,13406.689,1.5951586,1.3244514,4.66953,8707.971,7230.1807,25490.963,2.4558873
346,5453,13416.257,1.5936769,1.3244982,4.669047,8690.32,7222.489,25460.313,2.460344
347,5458,-340282350000000000000000000000000000000,1.5923483,1.3244786,4.6705194,8691.037,7229.0044,25491.695,-62345610000000000000000000000000000
348,5450,13431.696,1.5915991,1.3244954,4.6717453,8674.215,7218.5,25461.012,2.4645314
349,5460,13437.794,1.5911828,1.3250239,4.673141,8687.858,7234.6304,25515.35,2.4611344
350,5456,13437.862,1.5897157,1.3252666,4.67187,8673.489,7230.6543,25489.725,2.4629512
351,5463,13406.04,1.588503,1.325469,4.671853,8677.992,7241.037,25522.332,2.4539704
352,5464,13414.285,1.5867766,1.3255109,4.672282,8670.147,7242.5913,25529.35,2.4550302
353,5457,-340282350000000000000000000000000000000,1.5856522,1.3256475,4.6728306,8652.904,7234.058,25499.637,-62357035000000000000000000000000000
354,5473,13421.811,1.5852764,1.3251961,4.673365,8676.218,7252.7983,25577.326,2.452368
355,5466,13415.511,1.5835073,1.3254253,4.67184,8655.451,7244.7744,25536.277,2.4543562
356,5458,13396.226,1.5813619,1.3244616,4.6726933,8631.073,7228.911,25503.56,2.4544203
357,5469,13413.764,1.578868,1.3242121,4.674107,8634.829,7242.1157,25562.691,2.4526904
358,5479,13421.573,1.5775303,1.324095,4.6753907,8643.288,7254.717,25616.467,2.4496393
359,5463,-340282350000000000000000000000000000000,1.5766678,1.3246601,4.675541,8613.336,7236.6177,25542.48,-62288550000000000000000000000000000
360,5464,13402.829,1.5760375,1.3246882,4.6757336,8611.469,7238.096,25548.209,2.4529335
361,5462,13398.242,1.5746691,1.32462,4.674954,8600.843,7235.074,25534.598,2.452992
362,5457,13401.833,1.5730166,1.3243641,4.673008,8583.952,7227.0547,25500.605,2.4558976
363,5462,13420.66,1.5708237,1.3243973,4.672484,8579.839,7233.8584,25521.107,2.4570963
364,5455,13416.767,1.5695674,1.3254172,4.6729183,8561.99,7230.151,25490.77,2.4595356
365,5435,13395.18,1.5671289,1.3242486,4.6740937,8517.346,7197.291,25403.7,2.4646144
366,5443,13401.946,1.5671054,1.3252285,4.672705,8529.755,7213.2188,25433.535,2.4622352
367,5456,13396.271,1.5665181,1.3252755,4.672417,8546.923,7230.703,25492.709,2.4553285
368,5456,-340282350000000000000000000000000000000,1.5654464,1.3252938,4.672347,8541.075,7230.8027,25492.326,-62368464000000000000000000000000000
369,5450,-340282350000000000000000000000000000000,1.5644902,1.3247768,4.6723814,8526.472,7220.033,25464.479,-62437130000000000000000000000000000
370,5464,13401.267,1.5646969,1.3250388,4.6726265,8549.504,7240.012,25531.23,2.4526477
371,5458,-340282350000000000000000000000000000000,1.5637112,1.3251748,4.6715074,8534.735,7232.804,25497.086,-62345610000000000000000000000000000
372,5447,13379.841,1.5619994,1.3255305,4.673246,8508.211,7220.1646,25455.17,2.4563687
373,5458,13390.896,1.5615184,1.3255178,4.6734576,8522.768,7234.6763,25507.732,2.4534438
374,5462,13389.407,1.5615395,1.3254464,4.673495,8529.129,7239.588,25526.629,2.4513745
375,5463,13380.227,1.5610735,1.3251519,4.6733,8528.145,7239.305,25530.236,2.4492452
376,5457,-340282350000000000000000000000000000000,1.5599014,1.3255954,4.673158,8512.382,7233.774,25501.424,-62357035000000000000000000000000000
377,5461,13386.595,1.5587286,1.3257843,4.67277,8512.217,7240.108,25517.998,2.4513083
378,5463,13384.165,1.5576899,1.3262721,4.672438,8509.66,7245.425,25525.53,2.4499662
379,5452,-340282350000000000000000000000000000000,1.5564082,1.3271377,4.6737633,8485.537,7235.5547,25481.357,-62414223000000000000000000000000000
380,5458,13377.745,1.5568405,1.3272301,4.6739635,8497.235,7244.022,25510.492,2.4510343
381,5464,13376.301,1.5557414,1.3281295,4.673578,8500.571,7256.9,25536.428,2.4480784
382,5485,13399.4,1.5558041,1.3281636,4.67297,8533.586,7284.9775,25631.24,2.442917
383,5466,-340282350000000000000000000000000000000,1.5544399,1.3281056,4.674999,8496.568,7259.4253,25553.545,-62254360000000000000000000000000000
384,5464,13389.22,1.5530612,1.3286208,4.674583,8485.927,7259.584,25541.922,2.4504428
385,5474,13394.652,1.5524725,1.3292679,4.672827,8498.234,7276.412,25579.053,2.4469588
386,5485,-340282350000000000000000000000000000000,1.552558,1.3298222,4.669692,8515.78,7294.0747,25613.262,-62038716000000000000000000000000000
387,5489,13411.313,1.552153,1.3300323,4.669402,8519.768,7300.5474,25630.348,2.4433072
388,5477,13389.443,1.5511452,1.329779,4.669285,8495.622,7283.1997,25573.674,2.4446673
389,5462,-340282350000000000000000000000000000000,1.5503882,1.3290285,4.6697526,8468.221,7259.1533,25506.188,-62299950000000000000000000000000000
390,5449,13362.282,1.5490592,1.3295281,4.6689496,8440.823,7244.5986,25441.107,2.4522448
391,5452,13369.533,1.5485808,1.3292749,4.670029,8442.862,7247.2065,25460.998,2.4522254
392,5461,13365.331,1.548454,1.3293207,4.6719465,8456.107,7259.4204,25513.5,2.4474146
393,5458,-340282350000000000000000000000000000000,1.547694,1.3295114,4.6703243,8447.313,7256.473,25490.63,-62345610000000000000000000000000000
394,5456,-340282350000000000000000000000000000000,1.5464231,1.3304757,4.669622,8437.284,7259.075,25477.457,-62368464000000000000000000000000000
395,5444,-340282350000000000000000000000000000000,1.5461148,1.3304307,4.6698694,8417.049,7242.8647,25422.77,-62505940000000000000000000000000000
396,5440,13318.413,1.5448499,1.3303782,4.667886,8403.983,7237.2573,25393.299,2.4482377
397,5423,13303.621,1.5431031,1.3296129,4.6695247,8368.248,7210.4907,25322.832,2.4531848
398,5418,-inf,1.541857,1.3296856,4.6706553,8353.781,7204.2363,25305.611,-inf
399,5417,13272.498,1.5401782,1.3294387,4.6721478,8343.1455,7201.5693,25309.023,2.4501565
400,5408,13278.642,1.5371749,1.3291849,4.670816,8313.042,7188.232,25259.771,2.4553702
401,5401,13260.16,1.5361551,1.3296769,4.6709876,8296.773,7181.585,25228.004,2.4551306
402,5401,13257.435,1.5355867,1.3292165,4.671153,8293.704,7179.098,25228.896,2.4546258
403,5391,13264.141,1.5336777,1.3291198,4.6744676,8268.057,7165.285,25200.055,2.460423
404,5400,13278.355,1.5320866,1.3288019,4.674948,8273.268,7175.53,25244.72,2.4589548
405,5404,13294.493,1.5308586,1.3292074,4.673909,8272.76,7183.037,25257.805,2.460121
406,5418,13309.772,1.5304023,1.3294114,4.67406,8291.72,7202.751,25324.057,2.456584
407,5415,13317.873,1.5293622,1.3299167,4.6740956,8281.496,7201.499,25310.227,2.459441
408,5415,13313.35,1.5290738,1.3304963,4.6740336,8279.935,7204.637,25309.893,2.4586058
409,5411,-340282350000000000000000000000000000000,1.5282414,1.3305988,4.675854,8269.314,7199.87,25301.047,-62887146000000000000000000000000000
410,5418,-340282350000000000000000000000000000000,1.5286235,1.3305696,4.676008,8282.082,7209.0264,25334.611,-62805900000000000000000000000000000
411,5427,13325.013,1.5286111,1.330326,4.6751266,8295.772,7219.6787,25371.912,2.4553185
412,5424,13345.338,1.5281637,1.3311832,4.6738935,8288.76,7220.3374,25351.197,2.4604237
413,5420,13330.629,1.5267539,1.3307637,4.674232,8275.006,7212.7393,25334.338,2.4595256
414,5423,-340282350000000000000000000000000000000,1.5266535,1.3311969,4.674376,8279.042,7219.081,25349.14,-62747990000000000000000000000000000
415,5419,13322.9795,1.5267105,1.331594,4.6760716,8273.244,7215.9077,25339.633,2.4585679
416,5408,13303.272,1.5268081,1.3315696,4.676409,8256.979,7201.128,25290.02,2.4599247
417,5398,13307.967,1.5264668,1.331541,4.678818,8239.868,7187.658,25256.262,2.4653513
418,5384,13304.496,1.5266037,1.3315247,4.6781125,8219.234,7168.929,25186.957,2.4711175
419,5387,13314.451,1.5276151,1.3307953,4.676779,8229.263,7168.994,25193.807,2.4715893
420,5388,-inf,1.5271481,1.3311304,4.6777024,8228.274,7172.1304,25203.46,-inf
421,5380,13317.692,1.5302945,1.3307505,4.676456,8232.984,7159.4375,25159.334,2.4754076
422,5395,-340282350000000000000000000000000000000,1.5346073,1.3310578,4.67417,8279.206,7181.0566,25217.146,-63073650000000000000000000000000000
423,5399,13320.37,1.5362366,1.3312314,4.674305,8294.142,7187.318,25236.572,2.4671922
424,5405,13327.565,1.5363787,1.3312311,4.671975,8304.127,7195.304,25252.025,2.4657845
425,5416,13320.69,1.5375051,1.3315887,4.6723733,8327.128,7211.885,25305.574,2.459507
426,5417,-340282350000000000000000000000000000000,1.5357602,1.3322273,4.674503,8319.213,7216.6753,25321.781,-62817490000000000000000000000000000
427,5395,13309.831,1.5307091,1.3323839,4.677994,8258.176,7188.211,25237.775,2.467068
428,5388,13322.386,1.5365458,1.3319774,4.6763597,8278.908,7176.6943,25196.227,2.472603
429,5411,13326.588,1.540629,1.3322334,4.674378,8336.344,7208.715,25293.059,2.4628696
430,5404,-340282350000000000000000000000000000000,1.5448929,1.331475,4.6737356,8348.602,7195.291,25256.867,-62968607000000000000000000000000000
431,5411,13332.126,1.5482134,1.3311979,4.675637,8377.383,7203.112,25299.871,2.4638932
432,5423,-340282350000000000000000000000000000000,1.5501518,1.3317676,4.6724734,8406.474,7222.176,25338.824,-62747990000000000000000000000000000
433,5418,-340282350000000000000000000000000000000,1.5553255,1.3320185,4.6717315,8426.754,7216.876,25311.441,-62805900000000000000000000000000000
434,5418,-340282350000000000000000000000000000000,1.5675788,1.3314253,4.669597,8493.142,7213.6626,25299.877,-62805900000000000000000000000000000
435,5435,13336.573,1.5841235,1.3303728,4.663173,8609.711,7230.576,25344.346,2.4538314
436,5432,13317.878,1.5962545,1.3303885,4.662902,8670.8545,7226.671,25328.883,2.4517448
437,5448,-340282350000000000000000000000000000000,1.6056758,1.3297936,4.6626067,8747.722,7244.7153,25401.88,-62460047000000000000000000000000000
438,5456,13358.995,1.6208957,1.328345,4.657479,8843.607,7247.4497,25411.203,2.448496
439,5473,13371.721,1.6542107,1.3277664,4.6480284,9053.495,7266.8657,25438.66,2.4432158
440,5478,13361.342,1.672114,1.3279799,4.6492853,9159.841,7274.674,25468.785,2.4390912
441,5455,-340282350000000000000000000000000000000,1.6583195,1.3278288,4.6539207,9046.133,7243.306,25387.137,-62379900000000000000000000000000000
442,5449,13256.548,1.6386385,1.3281952,4.6612487,8928.941,7237.3354,25399.145,2.4328406
443,5452,13258.902,1.6188005,1.3293523,4.6670213,8825.7,7247.6284,25444.6,2.4319336
444,5434,-340282350000000000000000000000000000000,1.6032933,1.3299729,4.6717033,8712.296,7227.0723,25386.037,-62620970000000000000000000000000000
445,5421,-340282350000000000000000000000000000000,1.599061,1.3311672,4.6759434,8668.51,7216.2573,25348.29,-62771140000000000000000000000000000
446,5418,13244.433,1.5961735,1.3319502,4.678155,8648.068,7216.5063,25346.244,2.4445243
447,5420,-340282350000000000000000000000000000000,1.6066904,1.3329004,4.67392,8708.262,7224.3203,25332.646,-62782720000000000000000000000000000
448,5416,13206.538,1.6130681,1.3341969,4.672085,8736.377,7226.0103,25304.012,2.4384303
449,5410,13183.073,1.6171752,1.3348563,4.6713,8748.918,7221.5723,25271.732,2.4367974
450,5396,13097.746,1.6091758,1.3357731,4.6732016,8683.112,7207.8315,25216.596,2.4273067
451,5367,13044.213,1.583945,1.3358278,4.6822395,8501.033,7169.388,25129.58,2.4304478
452,5334,13044.993,1.5416793,1.334571,4.6939244,8223.317,7118.6016,25037.393,2.4456306
453,5318,13027.704,1.5291177,1.3344128,4.6986613,8131.848,7096.407,24987.48,2.4497375
454,5298,12993.0625,1.5176401,1.3336982,4.7028465,8040.457,7065.9326,24915.68,2.4524467
455,5299,12969.119,1.5167198,1.3327714,4.703795,8037.098,7062.3555,24925.41,2.4474654
456,5296,12954.855,1.5173273,1.3321689,4.7032924,8035.765,7055.167,24908.637,2.4461584
457,5293,12955.181,1.5196347,1.3321463,4.702723,8043.427,7051.0503,24891.514,2.4476063
458,5285,12940.253,1.520877,1.3323164,4.7037716,8037.835,7041.2925,24859.432,2.4484868
459,5292,-340282350000000000000000000000000000000,1.5231079,1.3319167,4.7015038,8060.287,7048.5034,24880.357,-64301275000000000000000000000000000
460,5281,12906.771,1.5268396,1.331214,4.700667,8063.24,7030.141,24824.223,2.4440014
461,5280,12888.3125,1.5338558,1.331119,4.6986094,8098.7583,7028.308,24808.658,2.4409683
462,5271,12896.323,1.5470889,1.3298312,4.6945453,8154.7056,7009.5405,24744.947,2.446656
463,5279,12889.344,1.5593165,1.329147,4.6900597,8231.632,7016.567,24758.826,2.441626
464,5296,12863.911,1.5813538,1.3284675,4.6859264,8374.85,7035.564,24816.666,2.4289863
465,5305,12860.905,1.6010239,1.3275291,4.681233,8493.432,7042.542,24833.941,2.4242988
466,5303,-340282350000000000000000000000000000000,1.6097049,1.3272698,4.680994,8536.265,7038.5117,24823.31,-64167894000000000000000000000000000
467,5288,12813.397,1.6187878,1.327593,4.6806116,8560.149,7020.3115,24751.074,2.4231083
468,5274,-340282350000000000000000000000000000000,1.6160446,1.3277231,4.6846957,8523.02,7002.4116,24707.086,-64520730000000000000000000000000000
469,5271,12757.374,1.6086549,1.3289995,4.687247,8479.22,7005.1567,24706.479,2.4202948
470,5245,-340282350000000000000000000000000000000,1.5835387,1.3296013,4.694671,8305.66,6973.759,24623.55,-64877470000000000000000000000000000
471,5227,12672.952,1.5755776,1.3296167,4.6987295,8235.544,6949.9063,24560.26,2.4245174
472,5189,12630.465,1.5534985,1.329634,4.7084875,8061.104,6899.4707,24432.342,2.4340847
473,5193,-340282350000000000000000000000000000000,1.5576904,1.329335,4.708198,8089.086,6903.2363,24449.672,-65527122000000000000000000000000000
474,5183,-340282350000000000000000000000000000000,1.5484575,1.3286678,4.7112226,8025.6553,6886.485,24418.268,-65653550000000000000000000000000000
475,5180,-340282350000000000000000000000000000000,1.5553551,1.3285143,4.70966,8056.7393,6881.704,24396.04,-65691570000000000000000000000000000
476,5150,12561.088,1.544945,1.3293808,4.7149134,7956.467,6846.311,24281.803,2.4390461
477,5130,-340282350000000000000000000000000000000,1.5471208,1.330547,4.717361,7936.73,6825.706,24200.063,-66331843000000000000000000000000000
478,5125,12549.29,1.5607417,1.3305159,4.715233,7998.801,6818.894,24165.568,2.448642
479,5131,12565.035,1.5554491,1.3313771,4.716671,7981.01,6831.296,24201.238,2.4488473
480,5128,-340282350000000000000000000000000000000,1.5535392,1.332349,4.7188516,7966.549,6832.2856,24198.271,-66357710000000000000000000000000000
481,5126,12578.231,1.5769544,1.3319706,4.719349,8083.4683,6827.681,24191.383,2.4538102
482,5135,-340282350000000000000000000000000000000,1.5889608,1.3330616,4.7190413,8159.3135,6845.2715,24232.277,-66267250000000000000000000000000000
483,5130,12549.689,1.5821179,1.3331474,4.7206964,8116.2646,6839.046,24217.172,2.4463332
484,5125,-340282350000000000000000000000000000000,1.5823604,1.3338766,4.720262,8109.5967,6836.1177,24191.342,-66396557000000000000000000000000000
485,5120,12500.946,1.5810988,1.3343632,4.7188597,8095.2256,6831.9395,24160.56,2.441591
486,5100,-340282350000000000000000000000000000000,1.574465,1.3351967,4.7204175,8029.7715,6809.5034,24074.129,-66722027000000000000000000000000000
487,5088,-340282350000000000000000000000000000000,1.5682924,1.3361418,4.721198,7979.4717,6798.2896,24021.457,-66879394000000000000000000000000000
488,5091,12463.145,1.5514405,1.3373117,4.7246103,7898.3833,6808.2544,24052.992,2.4480739
489,5086,12440.623,1.5450629,1.3375633,4.725431,7858.19,6802.8467,24033.541,2.4460526
490,5049,12375.474,1.5245887,1.3354858,4.729944,7697.6484,6742.8677,23881.488,2.4510741
491,5041,12344.953,1.5222943,1.3343376,4.7327747,7673.8857,6726.3955,23857.918,2.4489095
492,5031,12326.191,1.5190197,1.3346725,4.7315125,7642.1885,6714.7373,23804.24,2.450048
493,5014,-340282350000000000000000000000000000000,1.510435,1.3350819,4.7319393,7573.3213,6694.1006,23725.943,-67866443000000000000000000000000000
494,4989,12237.945,1.5069176,1.3353952,4.736727,7518.0117,6662.2866,23631.531,2.4529855
495,4967,12206.385,1.5056453,1.3348919,4.73852,7478.54,6630.408,23536.23,2.4574964
496,4943,12179.573,1.5010697,1.3348233,4.7391067,7419.787,6598.0313,23425.404,2.4640043
497,4935,12171.958,1.5067197,1.335638,4.7379627,7435.6616,6591.374,23381.846,2.4664555
498,4934,-340282350000000000000000000000000000000,1.5154573,1.3367792,4.738453,7477.266,6595.669,23379.527,-68966833000000000000000000000000000
499,4936,12156.587,1.5227147,1.3372258,4.7393885,7516.12,6600.5464,23393.621,2.4628417
500,4916,-340282350000000000000000000000000000000,1.5251613,1.337043,4.742885,7497.693,6572.904,23316.023,-69219353000000000000000000000000000
501,4910,12072.662,1.5147659,1.3356032,4.746698,7437.5005,6557.812,23306.287,2.4587905
502,4892,-inf,1.509288,1.3342264,4.7473106,7383.4365,6527.0356,23223.844,-inf
503,4867,-340282350000000000000000000000000000000,1.5014651,1.3334495,4.7519593,7307.6304,6489.8984,23127.785,-69916240000000000000000000000000000
504,4847,11958.941,1.4992135,1.3326336,4.752901,7266.6875,6459.2754,23037.313,2.4672873
505,4834,-inf,1.5064558,1.3325688,4.755886,7282.207,6441.6377,22989.953,-inf
506,4812,11879.541,1.5175104,1.3328514,4.759132,7302.2603,6413.681,22900.943,2.4687326
507,4801,-340282350000000000000000000000000000000,1.5249287,1.3326563,4.759199,7321.1826,6398.0825,22848.914,-70877390000000000000000000000000000
508,4797,11855.041,1.5311868,1.3330669,4.761233,7345.103,6394.722,22839.635,2.4713447
509,4776,-inf,1.5332537,1.3334868,4.763028,7322.8193,6368.733,22748.223,-inf
510,4765,11794.467,1.5390669,1.3342392,4.7636704,7333.654,6357.65,22698.889,2.475229
511,4743,-340282350000000000000000000000000000000,1.5373224,1.3339556,4.764188,7291.52,6326.9517,22596.543,-71744117000000000000000000000000000
512,4732,-inf,1.5349045,1.3322474,4.763957,7263.168,6304.195,22543.045,-inf
513,4707,11669.784,1.5285568,1.3320076,4.763081,7194.917,6269.76,22419.822,2.4792404
514,4690,-340282350000000000000000000000000000000,1.5371366,1.3331527,4.7660933,7209.1704,6252.486,22352.977,-72554873000000000000000000000000000
515,4674,-340282350000000000000000000000000000000,1.5365819,1.3340148,4.769046,7181.984,6235.185,22290.52,-72803240000000000000000000000000000
516,4636,11548.574,1.5187593,1.333333,4.773666,7040.968,6181.332,22130.715,2.4910643
517,4619,11508.525,1.517545,1.3332002,4.7719164,7009.5405,6158.052,22041.482,2.4915621
518,4603,-340282350000000000000000000000000000000,1.5147605,1.331442,4.770615,6972.4424,6128.6274,21959.14,-73926210000000000000000000000000000
519,4608,-inf,1.5186789,1.3317513,4.768544,6998.0723,6136.7104,21973.451,-inf
520,4600,-340282350000000000000000000000000000000,1.5149703,1.3321799,4.7701125,6968.8633,6128.0273,21942.518,-73974424000000000000000000000000000
521,4605,11512.887,1.5327778,1.3318965,4.767124,7058.442,6133.384,21952.607,2.500084
522,4607,-340282350000000000000000000000000000000,1.5462766,1.3323171,4.769175,7123.6963,6137.985,21971.59,-73862024000000000000000000000000000
523,4601,11474.525,1.56546,1.3314391,4.7676125,7202.681,6125.9517,21935.785,2.4939198
524,4589,11438.605,1.5952104,1.3305763,4.7658267,7320.4204,6106.0146,21870.379,2.492614
525,4581,-340282350000000000000000000000000000000,1.6161681,1.3308402,4.7654176,7403.666,6096.579,21830.377,-74281235000000000000000000000000000
526,4579,11405.99,1.6514764,1.330202,4.765692,7562.1104,6090.995,21822.105,2.4909348
527,4579,-340282350000000000000000000000000000000,1.6800711,1.3304212,4.763006,7693.0454,6091.9985,21809.805,-74313680000000000000000000000000000
528,4601,11438.093,1.7219274,1.3311093,4.7580156,7922.588,6124.4336,21891.629,2.4860015
529,4607,-340282350000000000000000000000000000000,1.7643211,1.3311951,4.753918,8128.227,6132.816,21901.3,-73862024000000000000000000000000000
530,4608,11491.276,1.789612,1.3318257,4.7500196,8246.532,6137.0527,21888.09,2.4937665
531,4622,-340282350000000000000000000000000000000,1.8333046,1.3322809,4.7459574,8473.534,6157.8022,21935.814,-73622314000000000000000000000000000
532,4638,11498.202,1.9026523,1.3336442,4.739266,8824.501,6185.4414,21980.715,2.4791293
533,4636,11446.005,1.9188391,1.3334266,4.736101,8895.738,6181.7656,21956.564,2.4689398
534,4615,-inf,1.9136041,1.3342261,4.7385545,8831.283,6157.4536,21868.43,-inf
535,4592,11233.05,1.8388355,1.3368301,4.744569,8443.933,6138.724,21787.06,2.4462216
536,4548,11207.206,1.7400254,1.3383317,4.7580476,7913.6357,6086.7324,21639.6,2.4642053
537,4509,11133.786,1.6677963,1.3391783,4.7713685,7520.0933,6038.355,21514.102,2.4692361
538,4480,-340282350000000000000000000000000000000,1.658133,1.3379192,4.7780466,7428.436,5993.8784,21405.648,-75955880000000000000000000000000000
539,4478,11146.449,1.6665787,1.3367224,4.778931,7462.9395,5985.843,21400.055,2.489158
540,4480,11141.444,1.670191,1.337082,4.781891,7482.456,5990.1274,21422.871,2.4869297
541,4477,11151.729,1.6867253,1.3379385,4.7814546,7551.469,5989.9507,21406.572,2.4908931
542,4463,11160.259,1.6858386,1.3391836,4.7831364,7523.8975,5976.7764,21347.139,2.5006182
543,4443,-340282350000000000000000000000000000000,1.6513902,1.339657,4.790393,7337.1265,5952.0957,21283.715,-76588420000000000000000000000000000
544,4424,11136.806,1.6144484,1.3398868,4.796334,7142.32,5927.659,21218.98,2.5173612
545,4451,11167.016,1.632254,1.3414695,4.7928314,7265.1626,5970.881,21332.893,2.508878
546,4438,-340282350000000000000000000000000000000,1.6346056,1.3425689,4.793978,7254.38,5958.321,21275.676,-76674710000000000000000000000000000
547,4420,11166.213,1.6210521,1.3409866,4.8034406,7165.0503,5927.1606,21231.207,2.5262926
548,4413,-340282350000000000000000000000000000000,1.645971,1.341628,4.805019,7263.67,5920.604,21204.549,-77109077000000000000000000000000000
549,4402,-340282350000000000000000000000000000000,1.6606457,1.3400452,4.810021,7310.1626,5898.879,21173.713,-77301760000000000000000000000000000
550,4391,-inf,1.672158,1.3387258,4.817282,7342.446,5878.345,21152.686,-inf
551,4379,11130.899,1.7140057,1.3367866,4.8203897,7505.631,5853.7886,21108.486,2.5418816
552,4378,-inf,1.7522657,1.334472,4.823216,7671.419,5842.3184,21116.04,-inf
553,4369,11167.77,1.7848822,1.3340518,4.82532,7798.1504,5828.4727,21081.822,2.5561385
554,4368,11120.828,1.7990483,1.3340479,4.824452,7858.243,5827.121,21073.205,2.545977
555,4368,-340282350000000000000000000000000000000,1.7931736,1.3349918,4.8280945,7832.582,5831.244,21089.117,-77903470000000000000000000000000000
556,4368,11083.087,1.7963443,1.3352354,4.8310423,7846.4316,5832.308,21101.992,2.5373368
557,4361,11115.501,1.6693791,1.3367549,4.835543,7280.162,5829.5884,21087.803,2.5488422
558,4360,-340282350000000000000000000000000000000,1.6405531,1.3369687,4.834449,7152.8115,5829.1836,21078.197,-78046410000000000000000000000000000
559,4366,11084.204,1.6418294,1.336892,4.8316803,7168.227,5836.8706,21095.115,2.538755
560,4384,11097.2,1.6476501,1.3377367,4.830777,7223.2983,5864.6377,21178.127,2.5312958
561,4374,11113.99,1.632732,1.3372651,4.837165,7141.57,5849.1978,21157.76,2.5409214
562,4402,11164.163,1.6658666,1.3380666,4.8356028,7333.145,5890.169,21286.324,2.536157
563,4416,11191.622,1.6675779,1.3389885,4.8350134,7364.024,5912.9736,21351.42,2.5343347
564,4418,11235.338,1.6827939,1.3392735,4.835479,7434.5835,5916.91,21363.145,2.5430825
565,4450,11288.847,1.7165663,1.3403119,4.8315496,7638.72,5964.3877,21500.396,2.5368195
566,4495,11315.965,1.7594346,1.3418745,4.830902,7908.658,6031.7256,21714.904,2.517456
567,4525,11460.3,1.699345,1.3436983,4.825905,7689.536,6080.235,21837.219,2.5326629
568,4589,11595.306,1.7599444,1.3474816,4.8166456,8076.3853,6183.5933,22103.586,2.5267608
569,4621,11633.597,1.8112051,1.3499442,4.8057957,8369.579,6238.0923,22207.582,2.5175495
570,4652,11670.54,1.8850282,1.3527433,4.7921357,8769.151,6292.9614,22293.016,2.5087144
571,4692,11699.496,1.9475856,1.3558967,4.7826834,9138.071,6361.867,22440.35,2.4934988
572,4719,-inf,2.0284472,1.3572034,4.770117,9572.242,6404.6426,22510.182,-inf
573,4709,11584.869,2.0627816,1.3576354,4.767334,9713.639,6393.105,22449.375,2.4601548
574,4694,-340282350000000000000000000000000000000,2.0588267,1.3545033,4.7701373,9664.133,6358.0386,22391.023,-72493046000000000000000000000000000
575,4636,11451.041,1.9880148,1.349146,4.781592,9216.437,6254.641,22167.459,2.470026
576,4570,-340282350000000000000000000000000000000,1.9068776,1.3454521,4.793268,8714.431,6148.716,21905.236,-74460033000000000000000000000000000
577,4534,-340282350000000000000000000000000000000,1.8824198,1.3433808,4.7987347,8534.892,6090.8887,21757.463,-75051244000000000000000000000000000
578,4484,-340282350000000000000000000000000000000,1.8309482,1.3424326,4.80911,8209.972,6019.468,21564.05,-75888126000000000000000000000000000
579,4470,11115.055,1.8018553,1.3423933,4.811008,8054.2935,6000.498,21505.205,2.4865894
580,4458,-340282350000000000000000000000000000000,1.7928699,1.3419952,4.810387,7992.6143,5982.6147,21444.705,-76330720000000000000000000000000000
581,4451,11212.6045,1.8025512,1.3424678,4.8097415,8023.1553,5975.324,21408.16,2.5191202
582,4458,-340282350000000000000000000000000000000,1.8119485,1.3434621,4.805257,8077.6665,5989.1543,21421.834,-76330720000000000000000000000000000
583,4460,-340282350000000000000000000000000000000,1.7954229,1.3431746,4.801419,8007.586,5990.5586,21414.328,-76296493000000000000000000000000000
584,4432,-340282350000000000000000000000000000000,1.7507244,1.3444016,4.801504,7759.211,5958.3877,21280.266,-76778507000000000000000000000000000
585,4421,-340282350000000000000000000000000000000,1.7527369,1.3460566,4.8003297,7748.85,5950.916,21222.258,-76969540000000000000000000000000000
586,4402,-inf,1.7475687,1.3469553,4.8018622,7692.7974,5929.2974,21137.797,-inf
587,4391,10919.138,1.7359774,1.3477132,4.802652,7622.677,5917.8086,21088.445,2.4867086
588,4336,-340282350000000000000000000000000000000,1.7067891,1.3465161,4.8083735,7400.6377,5838.494,20849.107,-78478400000000000000000000000000000
589,4289,10697.167,1.6915685,1.3453938,4.816461,7255.137,5770.394,20657.8,2.4940934
590,4253,-340282350000000000000000000000000000000,1.6659507,1.3434317,4.820744,7085.288,5713.615,20502.625,-80009956000000000000000000000000000
591,4240,-340282350000000000000000000000000000000,1.6706458,1.3422918,4.827835,7083.5386,5691.3174,20470.021,-80255270000000000000000000000000000
592,4214,10626.384,1.6776623,1.3433993,4.8346524,7069.669,5661.0845,20373.225,2.5216858
593,4208,10620.476,1.6735218,1.3471094,4.8333654,7042.1797,5668.6367,20338.803,2.5238774
594,4197,10599.644,1.6725581,1.348635,4.831731,7019.726,5660.2207,20278.773,2.5255287
595,4196,-340282350000000000000000000000000000000,1.6673386,1.3514884,4.8258333,6996.153,5670.845,20249.197,-81096843000000000000000000000000000
596,4187,10525.291,1.6424017,1.3530409,4.8216066,6876.736,5665.1826,20188.066,2.5138025
597,4194,-inf,1.6679587,1.352732,4.819326,6995.419,5673.358,20212.252,-inf
598,4179,-inf,1.6551026,1.3524612,4.820861,6916.674,5651.9355,20146.377,-inf
599,4161,10368.411,1.6615885,1.3516527,4.8197618,6913.87,5624.227,20055.03,2.4918075
600,4123,-340282350000000000000000000000000000000,1.6545081,1.3503562,4.824485,6821.537,5567.5186,19891.352,-82532705000000000000000000000000000
601,4084,10220.869,1.6308696,1.3492652,4.835308,6660.4717,5510.399,19747.398,2.5026615
602,4056,10173.92,1.6060046,1.3475235,4.841168,6513.9546,5465.555,19635.777,2.508363
603,4040,10171.088,1.5886915,1.3455456,4.845154,6418.3135,5436.0044,19574.422,2.517596
604,3996,10181.402,1.5541452,1.3446087,4.855781,6210.3643,5373.056,19403.701,2.5478985
605,4006,-340282350000000000000000000000000000000,1.5764974,1.3455458,4.851469,6315.4487,5390.2563,19434.984,-84943170000000000000000000000000000
606,4017,10226.19,1.6033411,1.3450689,4.8513975,6440.621,5403.142,19488.064,2.5457282
607,4026,-340282350000000000000000000000000000000,1.63306,1.3451898,4.8486166,6574.6997,5415.7344,19520.531,-84521200000000000000000000000000000
608,4037,10285.851,1.6665229,1.3466625,4.8486257,6727.753,5436.4766,19573.902,2.5478947
609,4044,-340282350000000000000000000000000000000,1.706622,1.3483796,4.8428826,6901.5796,5452.847,19584.617,-84144990000000000000000000000000000
610,4043,10238.291,1.7078058,1.3501065,4.8429956,6904.6587,5458.4805,19580.23,2.53235
611,4056,-inf,1.7213345,1.3498828,4.8462586,6981.7324,5475.125,19656.426,-inf
612,4040,10289.605,1.7155141,1.3482604,4.847535,6930.677,5446.972,19584.041,2.546932
613,4043,10291.155,1.769967,1.3504311,4.8461237,7155.9766,5459.793,19592.879,2.5454254
614,4046,10294.39,1.7969002,1.3507324,4.8453755,7270.258,5465.0635,19604.389,2.5443375
615,4051,-340282350000000000000000000000000000000,1.8260593,1.352058,4.8419323,7397.366,5477.187,19614.668,-83999590000000000000000000000000000
616,4055,10291.136,1.8701866,1.3528947,4.8327875,7583.6064,5485.988,19596.953,2.537888
617,4057,-340282350000000000000000000000000000000,1.8606943,1.3529721,4.830501,7548.837,5489.008,19597.344,-83875360000000000000000000000000000
618,4039,10140.572,1.8296195,1.3506008,4.831612,7389.8335,5455.0767,19514.88,2.510664
619,4023,10081.769,1.8196158,1.3498439,4.832264,7320.3145,5430.422,19440.197,2.5060325
620,3994,-340282350000000000000000000000000000000,1.8001723,1.3491627,4.8327947,7189.888,5388.5557,19302.182,-85198380000000000000000000000000000
621,3971,-340282350000000000000000000000000000000,1.8033079,1.3483809,4.8296027,7160.9355,5354.4204,19178.352,-85691850000000000000000000000000000
622,3937,-340282350000000000000000000000000000000,1.786149,1.3467555,4.830205,7032.069,5302.1763,19016.518,-86431880000000000000000000000000000
623,3922,-340282350000000000000000000000000000000,1.8000722,1.3462088,4.8297853,7059.8833,5279.831,18942.418,-86762450000000000000000000000000000
624,3903,-340282350000000000000000000000000000000,1.7938222,1.3450958,4.8303366,7001.288,5249.9087,18852.803,-87184820000000000000000000000000000
625,3918,-340282350000000000000000000000000000000,1.858624,1.3444374,4.824659,7282.089,5267.5054,18903.014,-86851030000000000000000000000000000
626,3941,10061.2705,1.9230322,1.3436315,4.8179183,7578.67,5295.252,18987.416,2.552974
627,3956,10038.651,2.0339026,1.3430953,4.8064322,8046.119,5313.285,19014.246,2.5375762
628,3967,-340282350000000000000000000000000000000,2.0478132,1.3421899,4.800965,8123.675,5324.4673,19045.428,-85778260000000000000000000000000000
629,3966,-inf,2.0044837,1.3403356,4.7989383,7949.7827,5315.771,19032.59,-inf
630,3961,9926.848,2.0595798,1.3395066,4.797741,8157.996,5305.7856,19003.852,2.506147
631,3951,-340282350000000000000000000000000000000,2.1564791,1.3383278,4.795236,8520.249,5287.733,18945.979,-86125630000000000000000000000000000
632,3916,9872.921,2.1604633,1.3373084,4.8028426,8460.374,5236.9,18807.932,2.521175
633,3892,9837.2,2.1656003,1.3380885,4.811404,8428.517,5207.8403,18725.984,2.5275438
634,3862,9727.244,2.1306093,1.3385367,4.82115,8228.413,5169.4287,18619.281,2.5187063
635,3831,9714.351,2.0689268,1.3396031,4.828917,7926.0586,5132.0195,18499.582,2.5357218
636,3793,9642.418,2.0311093,1.3404862,4.8347926,7703.998,5084.464,18338.37,2.5421612
637,3787,9595.032,2.0812454,1.3402648,4.8353176,7881.677,5075.583,18311.348,2.5336764
638,3774,9572.628,2.0224946,1.3386159,4.836118,7632.894,5051.9365,18251.51,2.5364673
639,3761,9613.056,1.986338,1.3374362,4.8349333,7470.617,5030.0977,18184.184,2.555984
640,3765,-inf,2.0476148,1.335455,4.830439,7709.2695,5027.988,18186.604,-inf
641,3769,-340282350000000000000000000000000000000,2.045079,1.3341312,4.8329616,7707.903,5028.341,18215.432,-90284520000000000000000000000000000
642,3750,9510.448,2.021393,1.3347064,4.831971,7580.224,5005.149,18119.893,2.5361195
643,3742,9480.129,1.950874,1.3362664,4.8323116,7300.1704,5000.309,18082.51,2.5334392
644,3737,9505.679,1.8785282,1.338681,4.8340397,7020.06,5002.651,18064.807,2.5436656
645,3727,-340282350000000000000000000000000000000,1.8197075,1.3424814,4.8349175,6782.05,5003.428,18019.738,-91301940000000000000000000000000000
646,3734,9501.122,1.8058827,1.3442081,4.8323584,6743.166,5019.273,18044.025,2.5444891
647,3738,-340282350000000000000000000000000000000,1.8423549,1.3450509,4.82848,6886.7227,5027.8003,18048.857,-91033270000000000000000000000000000
648,3746,9535.271,1.8838211,1.3455354,4.821395,7056.794,5040.3755,18060.945,2.5454543
649,3751,9549.43,1.9278977,1.3464353,4.8126426,7231.5444,5050.479,18052.223,2.5458357
650,3769,9592.699,2.0365918,1.3466412,4.79838,7675.9146,5075.4907,18085.094,2.5451577
651,3792,9651.312,2.1252906,1.3452666,4.7937694,8059.102,5101.251,18177.973,2.545177
652,3813,-inf,2.173672,1.3481119,4.7874775,8288.211,5140.3506,18254.652,-inf
653,3840,9765.108,2.3443632,1.3486038,4.7787876,9002.3545,5178.6387,18350.545,2.542997
654,3848,9697.094,2.4682093,1.3508184,4.7755613,9497.669,5197.949,18376.36,2.5200348
655,3863,-inf,2.569309,1.3524537,4.76917,9925.24,5224.529,18423.303,-inf
656,3866,-340282350000000000000000000000000000000,2.6790013,1.3544885,4.7648916,10357.02,5236.4526,18421.07,-88019230000000000000000000000000000
657,3883,9672.009,2.7414498,1.355792,4.7563243,10645.05,5264.5405,18468.807,2.4908597
658,3892,9670.387,2.6735954,1.3569838,4.742111,10405.634,5281.381,18456.297,2.484683
659,3915,9699.715,2.6859336,1.3596897,4.7351747,10515.43,5323.185,18538.209,2.4775772
660,3922,-340282350000000000000000000000000000000,2.6697266,1.363155,4.7245784,10470.668,5346.294,18529.797,-86762450000000000000000000000000000
661,3968,10004.69,2.7752295,1.3676692,4.7043934,11012.11,5426.9116,18667.033,2.5213435
662,3995,9961.166,2.9428625,1.3713301,4.6914697,11756.735,5478.464,18742.422,2.4934082
663,4034,-inf,3.0395377,1.3752135,4.682071,12261.495,5547.6113,18887.475,-inf
664,4040,-inf,3.0585952,1.3816189,4.6763372,12356.725,5581.74,18892.402,-inf
665,3993,-inf,3.0088444,1.3878344,4.6787486,12014.315,5541.623,18682.244,-inf
666,3923,-inf,2.8338473,1.3882993,4.6923413,11117.183,5446.2983,18408.055,-inf
667,3832,-inf,2.6456332,1.3799992,4.716765,10138.066,5288.1567,18074.643,-inf
668,3762,-340282350000000000000000000000000000000,2.5232806,1.3731501,4.7419705,9492.582,5165.7905,17839.293,-90452520000000000000000000000000000
669,3719,-inf,2.526213,1.3678833,4.760361,9394.986,5087.158,17703.783,-inf
670,3687,-340282350000000000000000000000000000000,2.420568,1.3677255,4.776617,8924.634,5042.8037,17611.387,-92292470000000000000000000000000000
671,3646,-340282350000000000000000000000000000000,2.4497678,1.36531,4.7891464,8931.854,4977.92,17461.229,-93330320000000000000000000000000000
672,3622,9255.872,2.5632195,1.3664991,4.796547,9283.981,4949.4595,17373.094,2.5554588
673,3591,-340282350000000000000000000000000000000,2.627561,1.3669044,4.8035946,9435.572,4908.5537,17249.709,-94759770000000000000000000000000000
674,3554,-340282350000000000000000000000000000000,2.586341,1.3674887,4.814897,9191.855,4860.055,17112.145,-95746300000000000000000000000000000
675,3479,-340282350000000000000000000000000000000,2.3640254,1.364747,4.8212585,8224.444,4747.955,16773.158,-97810390000000000000000000000000000
676,3395,-inf,2.038312,1.3613615,4.8376174,6920.0693,4621.8223,16423.71,-inf
677,3331,-340282350000000000000000000000000000000,1.8084061,1.3593372,4.856337,6023.801,4527.952,16176.458,-102156210000000000000000000000000000
678,3303,-340282350000000000000000000000000000000,1.7823341,1.3586651,4.865504,5887.0493,4487.671,16070.76,-103022200000000000000000000000000000
679,3304,-340282350000000000000000000000000000000,1.8224063,1.3609157,4.855489,6021.2305,4496.4653,16042.535,-102991030000000000000000000000000000
680,3330,-inf,1.9386386,1.3630347,4.8388214,6455.6665,4538.906,16113.275,-inf
681,3334,-340282350000000000000000000000000000000,2.0596533,1.3636388,4.8321953,6866.884,4546.3716,16110.539,-102064290000000000000000000000000000
682,3350,8669.619,2.197159,1.3645805,4.821464,7360.483,4571.3447,16151.904,2.587946
683,3340,8636.842,2.2030165,1.3663245,4.821639,7358.075,4563.524,16104.274,2.5858808
684,3323,8560.376,2.2690504,1.3651552,4.8206644,7540.054,4536.4106,16019.067,2.5760987
685,3303,-340282350000000000000000000000000000000,2.328235,1.3617246,4.819436,7690.16,4497.7764,15918.597,-103022200000000000000000000000000000
686,3295,-inf,2.4016924,1.356845,4.8118324,7913.576,4470.804,15854.988,-inf
687,3315,-340282350000000000000000000000000000000,2.618449,1.359282,4.7869267,8680.158,4506.02,15868.662,-102649275000000000000000000000000000
688,3338,-inf,2.7966864,1.3611187,4.765238,9335.339,4543.414,15906.364,-inf
689,3326,-inf,2.8641896,1.3621017,4.768293,9526.295,4530.35,15859.342,-inf
690,3302,8545.496,2.8491888,1.3653525,4.7727604,9408.021,4508.394,15759.655,2.5879757
691,3291,8481.849,2.889494,1.3704749,4.76773,9509.324,4510.233,15690.601,2.577286
692,3250,8246.916,2.801879,1.3718648,4.783984,9106.106,4458.5605,15547.948,2.5375125
693,3199,-340282350000000000000000000000000000000,2.609415,1.3697894,4.8061914,8347.519,4381.956,15375.006,-106371470000000000000000000000000000
694,3149,8086.894,2.3950229,1.3644378,4.8253226,7541.927,4296.6147,15194.941,2.5680833
695,3100,7996.5166,2.1851053,1.3637754,4.850309,6773.826,4227.7036,15035.958,2.5795214
696,3062,7998.757,2.0556273,1.3612305,4.872849,6294.331,4168.088,14920.663,2.6122653
697,3040,7919.04,2.0751503,1.3583509,4.875572,6308.4565,4129.3867,14821.739,2.6049473
698,3035,-inf,2.0303926,1.3612827,4.8755903,6162.2417,4131.493,14797.417,-inf
699,3045,-340282350000000000000000000000000000000,2.0183542,1.363448,4.8724527,6145.8887,4151.699,14836.618,-111751180000000000000000000000000000
700,3041,-inf,2.059286,1.3640547,4.8704185,6262.289,4148.0903,14810.943,-inf
701,3049,-340282350000000000000000000000000000000,2.0760155,1.3674799,4.86671,6329.771,4169.4463,14838.599,-111604570000000000000000000000000000
702,3071,8017.785,2.0472453,1.3680713,4.8654084,6287.09,4201.347,14941.67,2.610806
703,3087,8036.6753,2.038458,1.3652518,4.8635597,6292.72,4214.532,15013.809,2.6033933
704,3089,7973.257,2.0693407,1.3663578,4.857464,6392.1934,4220.679,15004.705,2.5811772
705,3070,7917.8965,2.051392,1.3664243,4.8565607,6297.7734,4194.923,14909.642,2.5791194
706,3026,7822.7646,2.0198023,1.3626676,4.8608084,6111.922,4123.432,14708.807,2.5851834
707,3018,-340282350000000000000000000000000000000,2.0344715,1.3613408,4.85704,6140.0347,4108.5264,14658.547,-112750945000000000000000000000000000
708,3020,-340282350000000000000000000000000000000,2.1002858,1.3599309,4.848249,6342.863,4106.991,14641.712,-112676270000000000000000000000000000
709,3013,7886.2974,2.1662395,1.3567059,4.842838,6526.8794,4087.755,14591.471,2.6174235
710,3037,-340282350000000000000000000000000000000,2.3012536,1.3575442,4.8262377,6988.907,4122.862,14657.283,-112045560000000000000000000000000000
711,3041,7879.9604,2.4114685,1.3573822,4.80779,7333.276,4127.7993,14620.489,2.59124
712,3033,7798.6196,2.4249172,1.3583323,4.809662,7354.774,4119.822,14587.705,2.5712562
713,3020,7812.8003,2.4004626,1.3602672,4.8127637,7249.3975,4108.007,14534.546,2.58702
714,2994,-340282350000000000000000000000000000000,2.3590174,1.3590324,4.8088026,7062.898,4068.943,14397.555,-113654760000000000000000000000000000
715,2975,-340282350000000000000000000000000000000,2.350685,1.3598714,4.804722,6993.2876,4045.6174,14294.048,-114380620000000000000000000000000000
716,2985,-inf,2.3452797,1.3624685,4.8090477,7000.6597,4066.9685,14355.007,-inf
717,2946,-340282350000000000000000000000000000000,2.2689748,1.363971,4.8236494,6684.3994,4018.2585,14210.472,-115506570000000000000000000000000000
718,2940,-340282350000000000000000000000000000000,2.2792819,1.365436,4.8228526,6701.089,4014.3816,14179.187,-115742290000000000000000000000000000
719,2925,7588.569,2.2286468,1.3677914,4.827763,6518.792,4000.79,14121.207,2.5943825
720,2897,7567.7124,2.150867,1.3706408,4.8335714,6231.0615,3970.746,14002.856,2.6122584
721,2891,-inf,2.1637108,1.3704289,4.824629,6255.288,3961.9102,13948.002,-inf
722,2865,-340282350000000000000000000000000000000,2.1411226,1.3724215,4.821849,6134.316,3931.9875,13814.597,-118772200000000000000000000000000000
723,2860,-340282350000000000000000000000000000000,2.197808,1.3739513,4.809164,6285.731,3929.5007,13754.209,-118979840000000000000000000000000000
724,2846,-inf,2.231503,1.3690593,4.796325,6350.8574,3896.3428,13650.342,-inf
725,2830,-340282350000000000000000000000000000000,2.188427,1.3651288,4.8086534,6193.248,3863.3145,13608.489,-120241120000000000000000000000000000
726,2817,-340282350000000000000000000000000000000,2.1637132,1.3665476,4.810594,6095.18,3849.5645,13551.443,-120796000000000000000000000000000000
727,2830,7317.219,2.1721947,1.3667098,4.796236,6147.311,3867.7888,13573.348,2.58559
728,2826,-340282350000000000000000000000000000000,2.2249684,1.3676088,4.7866883,6287.7607,3864.8625,13527.181,-120411310000000000000000000000000000
729,2849,7399.5703,2.352355,1.3694665,4.774251,6701.8594,3901.61,13601.841,2.597252
730,2858,-inf,2.3760264,1.3748392,4.7728233,6790.6836,3929.2903,13640.7295,-inf
731,2886,-340282350000000000000000000000000000000,2.4478574,1.3803967,4.7570224,7064.5166,3983.825,13728.767,-117907960000000000000000000000000000
732,2902,-340282350000000000000000000000000000000,2.4909372,1.3867024,4.7481246,7228.7,4024.2104,13779.058,-117257870000000000000000000000000000
733,2913,7469.7856,2.4865966,1.3930635,4.7386203,7243.4556,4057.9941,13803.601,2.5642931
734,2912,-340282350000000000000000000000000000000,2.4983394,1.3969755,4.743298,7275.164,4067.9927,13812.484,-116855200000000000000000000000000000
735,2879,-340282350000000000000000000000000000000,2.4015365,1.3963861,4.750379,6914.0234,4020.1958,13676.342,-118194630000000000000000000000000000
736,2851,7197.905,2.3659928,1.3974779,4.751545,6745.4453,3984.2092,13546.654,2.5246947
737,2820,-inf,2.4089208,1.3935184,4.7506747,6793.1567,3929.722,13396.903,-inf
738,2800,7152.076,2.376062,1.3905137,4.747271,6652.9736,3893.4382,13292.358,2.554313
739,2806,7089.445,2.4358819,1.3876221,4.7389326,6835.0845,3893.6677,13297.445,2.5265305
740,2802,-340282350000000000000000000000000000000,2.4857142,1.3864511,4.729023,6964.971,3884.8362,13250.723,-121442660000000000000000000000000000
741,2793,-340282350000000000000000000000000000000,2.521908,1.3839636,4.7294536,7043.6895,3865.4104,13209.363,-121834000000000000000000000000000000
742,2776,-inf,2.437532,1.3774298,4.7456822,6766.5884,3823.745,13174.014,-inf
743,2708,-340282350000000000000000000000000000000,2.381952,1.3728801,4.768551,6450.326,3717.7593,12913.235,-125658180000000000000000000000000000
744,2690,-340282350000000000000000000000000000000,2.4119565,1.3713287,4.7795753,6488.163,3688.8743,12857.058,-126499010000000000000000000000000000
745,2680,-inf,2.4361963,1.3697127,4.7839375,6529.0063,3670.83,12820.952,-inf
746,2648,6787.634,2.4283502,1.3667729,4.7939773,6430.2715,3619.2146,12694.452,2.5633059
747,2654,-inf,2.4671638,1.3611442,4.781022,6547.8525,3612.4766,12688.832,-inf
748,2673,-inf,2.4968174,1.3608038,4.764693,6673.9927,3637.4287,12736.024,-inf
749,2703,6837.7397,2.6018472,1.3608451,4.7400665,7032.793,3678.3643,12812.4,2.5296855
750,2731,-340282350000000000000000000000000000000,2.6844156,1.3589609,4.7176905,7331.1387,3711.322,12884.013,-124599900000000000000000000000000000
751,2733,-inf,2.6980002,1.3581871,4.702448,7373.635,3711.9253,12851.79,-inf
752,2750,-340282350000000000000000000000000000000,2.7956603,1.3565658,4.6796303,7688.0654,3730.5562,12868.983,-123739040000000000000000000000000000
753,2755,6837.3696,2.8624845,1.3529078,4.658591,7886.1445,3727.261,12834.418,2.481804
754,2770,-inf,2.9676635,1.3551745,4.6325088,8220.428,3753.8335,12832.049,-inf
755,2789,-inf,3.104895,1.3553945,4.6179457,8659.553,3780.1953,12879.45,-inf
756,2749,6714.0767,3.1875484,1.3591554,4.622451,8762.57,3736.3184,12707.117,2.4423707
757,2723,-inf,3.2171206,1.3626336,4.6312175,8760.22,3710.4514,12610.805,-inf
758,2651,-inf,3.1130333,1.3636543,4.658602,8252.651,3615.0474,12349.954,-inf
759,2574,-340282350000000000000000000000000000000,3.0080678,1.3593147,4.677123,7742.7666,3498.876,12038.915,-132199820000000000000000000000000000
760,2546,-inf,2.9836245,1.3579265,4.686172,7596.3076,3457.2808,11930.994,-inf
761,2505,6362.1885,2.945907,1.3540068,4.6975613,7379.4976,3391.7869,11767.391,2.5397959
762,2483,6359.8384,2.9742646,1.3512608,4.702189,7385.099,3355.1807,11675.535,2.5613525
763,2494,-340282350000000000000000000000000000000,3.0161688,1.3511673,4.696882,7522.325,3369.8113,11714.023,-136440390000000000000000000000000000
764,2489,6333.1113,3.074987,1.3463905,4.695052,7653.6426,3351.1658,11685.984,2.54444
765,2495,-inf,3.170186,1.3400254,4.6861305,7909.6143,3343.3635,11691.8955,-inf
766,2464,-340282350000000000000000000000000000000,3.142984,1.3376908,4.6864877,7744.3125,3296.07,11547.506,-138101600000000000000000000000000000
767,2427,6066.2656,2.980052,1.3364791,4.6974497,7232.586,3243.6348,11400.711,2.4994915
768,2374,-340282350000000000000000000000000000000,2.7233999,1.3386455,4.7318015,6465.3516,3177.9443,11233.297,-143337130000000000000000000000000000
769,2374,6204.211,2.6809976,1.3433522,4.7378163,6364.6885,3189.1182,11247.576,2.6133997
770,2396,-340282350000000000000000000000000000000,2.8186858,1.3456578,4.712148,6753.5713,3224.196,11290.307,-142021020000000000000000000000000000
771,2424,-340282350000000000000000000000000000000,3.0670702,1.3466918,4.690179,7434.578,3264.381,11368.993,-140380510000000000000000000000000000
772,2475,-340282350000000000000000000000000000000,3.237064,1.3490779,4.6713715,8011.733,3338.968,11561.645,-137487820000000000000000000000000000
773,2495,-340282350000000000000000000000000000000,3.2624545,1.3529992,4.6642294,8139.824,3375.733,11637.252,-136385710000000000000000000000000000
774,2526,-340282350000000000000000000000000000000,3.3580756,1.3550715,4.665081,8482.499,3422.9106,11783.995,-134711930000000000000000000000000000
775,2536,6411.8657,3.4216633,1.3565216,4.667158,8677.338,3440.1387,11835.913,2.5283382
776,2507,-inf,3.3174288,1.3547145,4.669759,8316.794,3396.2693,11707.085,-inf
777,2486,6192.34,3.0403728,1.351412,4.6711135,7558.367,3359.6104,11612.389,2.4908848
778,2454,-340282350000000000000000000000000000000,2.9486394,1.3511717,4.6756606,7235.961,3315.7754,11474.071,-138664370000000000000000000000000000
779,2440,6183.517,2.8713984,1.345609,4.669963,7006.2124,3283.286,11394.709,2.5342283
780,2436,6176.278,2.8993025,1.3449715,4.6688676,7062.7007,3276.3506,11373.361,2.5354178
781,2448,6150.2676,3.0480828,1.3446153,4.6560717,7461.7065,3291.6184,11398.063,2.5123641
782,2481,-340282350000000000000000000000000000000,3.1270032,1.3416097,4.6469307,7758.095,3328.5337,11529.035,-137155320000000000000000000000000000
783,2470,-340282350000000000000000000000000000000,3.1501162,1.3381916,4.628585,7780.787,3305.3333,11432.6045,-137766130000000000000000000000000000
784,2476,6022.971,3.1850574,1.3369087,4.6146297,7886.202,3310.1858,11425.823,2.432541
785,2485,6026.776,3.213347,1.336544,4.5933647,7985.1675,3321.312,11414.511,2.425262
786,2478,-inf,3.2616472,1.3339506,4.578176,8082.362,3305.5295,11344.721,-inf
787,2448,-inf,3.2865484,1.3362296,4.5840864,8045.4707,3271.0898,11221.844,-inf
788,2438,5920.013,3.380616,1.3348229,4.5764413,8241.941,3254.298,11157.364,2.4282253
789,2426,5836.6626,3.4095967,1.3382643,4.5669622,8271.682,3246.6294,11079.45,2.405879
790,2375,-340282350000000000000000000000000000000,3.3065343,1.3392853,4.585407,7853.019,3180.8025,10890.341,-143276770000000000000000000000000000
791,2322,-340282350000000000000000000000000000000,3.2318661,1.3368834,4.5936246,7504.393,3104.2434,10666.396,-146547090000000000000000000000000000
792,2320,-340282350000000000000000000000000000000,3.2956226,1.338493,4.5845103,7645.844,3105.3037,10636.063,-146673420000000000000000000000000000
793,2313,5766.8345,3.308189,1.33692,4.594619,7651.841,3092.296,10627.354,2.4932272
794,2307,-inf,3.3322933,1.3341064,4.589428,7687.6006,3077.7834,10587.811,-inf
795,2307,-340282350000000000000000000000000000000,3.3168545,1.3347745,4.591307,7651.9834,3079.3247,10592.1455,-147499930000000000000000000000000000
796,2312,-340282350000000000000000000000000000000,3.343156,1.3322796,4.574422,7729.377,3080.2302,10576.063,-147180950000000000000000000000000000
797,2303,-inf,3.391956,1.3302675,4.5730405,7811.675,3063.6062,10531.712,-inf
798,2309,-340282350000000000000000000000000000000,3.4274251,1.3268245,4.5722837,7913.925,3063.638,10557.403,-147372180000000000000000000000000000
799,2300,-inf,3.427508,1.329896,4.56716,7883.2686,3058.7607,10504.469,-inf
800,2288,-340282350000000000000000000000000000000,3.4939103,1.3249152,4.5548644,7994.067,3031.406,10421.53,-148724800000000000000000000000000000
801,2264,-340282350000000000000000000000000000000,3.4835744,1.3252496,4.5523567,7886.8125,3000.365,10306.535,-150301390000000000000000000000000000
802,2232,-340282350000000000000000000000000000000,3.4020302,1.3262635,4.55359,7593.3315,2960.2202,10163.612,-152456250000000000000000000000000000
803,2190,5334.166,3.3281476,1.3208553,4.5547643,7288.6436,2892.673,9974.934,2.4356923
804,2144,-inf,3.2553933,1.3163909,4.553236,6979.563,2822.342,9762.138,-inf
805,2092,5151.187,3.1178298,1.3182582,4.5769567,6522.5,2757.7961,9574.993,2.4623265
806,2048,-340282350000000000000000000000000000000,2.965166,1.32228,4.5903163,6072.66,2708.0295,9400.968,-166153490000000000000000000000000000
807,2028,-340282350000000000000000000000000000000,2.9099388,1.3253702,4.5997033,5901.356,2687.8508,9328.198,-167792080000000000000000000000000000
808,1995,-340282350000000000000000000000000000000,2.856479,1.3239586,4.6034775,5698.6753,2641.2974,9183.9375,-170567600000000000000000000000000000
809,1984,5006.4614,2.8349478,1.3260043,4.5910993,5624.5366,2630.7925,9108.741,2.523418
810,1951,4954.8804,2.7858348,1.3254406,4.5886583,5435.1636,2585.9348,8952.473,2.539662
811,1942,4877.0054,2.780814,1.3240625,4.5874224,5400.341,2571.3293,8908.774,2.5113313
812,1938,-340282350000000000000000000000000000000,2.769673,1.3217846,4.588454,5367.6265,2561.6187,8892.424,-175584290000000000000000000000000000
813,1938,4900.397,2.7671483,1.327326,4.5805454,5362.7334,2572.358,8877.097,2.5285847
814,1961,-340282350000000000000000000000000000000,2.8537846,1.3291585,4.571633,5596.2715,2606.48,8964.972,-173524900000000000000000000000000000
815,1972,4943.342,2.9575644,1.322984,4.553607,5832.317,2608.9243,8979.713,2.5067656
816,1988,4969.359,3.1179278,1.3143743,4.5314665,6198.4404,2612.976,9008.556,2.4996774
817,2022,-inf,3.283528,1.3082712,4.509838,6639.294,2645.3242,9118.893,-inf
818,2057,-inf,3.510726,1.3012403,4.4644036,7221.5635,2676.6514,9183.278,-inf
819,2060,-340282350000000000000000000000000000000,3.6330094,1.2996252,4.4507875,7483.9995,2677.2278,9168.622,-165185610000000000000000000000000000
820,2073,-340282350000000000000000000000000000000,3.7463672,1.2965924,4.4285545,7766.219,2687.836,9180.394,-164149710000000000000000000000000000
821,2061,5047.075,3.833279,1.2951158,4.425139,7900.3877,2669.2336,9120.211,2.4488478
822,2053,4966.952,3.8193197,1.2981299,4.42774,7841.0635,2665.0608,9090.15,2.419363
823,2051,4980.26,3.8271427,1.3007276,4.4264336,7849.4697,2667.7922,9078.615,2.4282105
824,2064,-340282350000000000000000000000000000000,3.7908173,1.3057867,4.4138136,7824.247,2695.1438,9110.111,-164865480000000000000000000000000000
825,2054,-inf,3.7141304,1.3074715,4.403784,7628.8237,2685.5464,9045.372,-inf
826,2048,4962.5664,3.783534,1.3027282,4.3861113,7748.6777,2667.9873,8982.756,2.4231281
827,2027,-340282350000000000000000000000000000000,3.7737033,1.301433,4.3908567,7649.297,2638.0046,8900.267,-167874870000000000000000000000000000
828,2002,4761.216,3.730559,1.3029006,4.405576,7468.579,2608.407,8819.964,2.3782296
829,1955,-340282350000000000000000000000000000000,3.6239507,1.3071743,4.4281588,7084.8237,2555.526,8657.051,-174057460000000000000000000000000000
830,1916,4586.9507,3.5533938,1.3108242,4.452442,6808.3027,2511.539,8530.879,2.3940244
831,1876,4603.25,3.455182,1.3152372,4.478019,6481.9214,2467.385,8400.764,2.453758
832,1846,4553.6367,3.4185681,1.3153781,4.468948,6310.677,2428.188,8249.678,2.4667587
833,1833,4512.674,3.3958046,1.3183464,4.4670367,6224.51,2416.5288,8188.0786,2.461906
834,1843,4553.5845,3.3827934,1.3199852,4.449982,6234.4883,2432.7327,8201.317,2.4707458
835,1858,4632.8374,3.4290435,1.3264079,4.4359055,6371.163,2464.4658,8241.912,2.493454
836,1882,-inf,3.483899,1.3316255,4.4249716,6556.698,2506.1191,8327.797,-inf
837,1867,-340282350000000000000000000000000000000,3.5546372,1.3371797,4.412501,6636.508,2496.5144,8238.139,-182261580000000000000000000000000000
838,1865,4438.371,3.5987294,1.3429251,4.4056873,6711.6304,2504.5552,8216.606,2.3798237
839,1835,-340282350000000000000000000000000000000,3.5075352,1.3447305,4.41212,6436.327,2467.5806,8096.24,-185439970000000000000000000000000000
840,1783,4316.4697,3.469789,1.3381774,4.411521,6186.634,2385.9705,7865.742,2.4209027
841,1765,-340282350000000000000000000000000000000,3.5758142,1.3341509,4.395192,6311.312,2354.7764,7757.514,-192794520000000000000000000000000000
842,1731,-340282350000000000000000000000000000000,3.5374541,1.3405656,4.406982,6123.333,2320.519,7628.4854,-196581370000000000000000000000000000
843,1682,-inf,3.5318968,1.3355736,4.416796,5940.6504,2246.4348,7429.0513,-inf
844,1635,-340282350000000000000000000000000000000,3.3693318,1.3329072,4.446778,5508.8574,2179.3032,7270.4814,-208123770000000000000000000000000000
845,1624,4013.4553,3.41576,1.3360019,4.4528427,5547.1943,2169.667,7231.4165,2.4713395
846,1643,-340282350000000000000000000000000000000,3.4937427,1.334724,4.455231,5740.219,2192.9514,7319.945,-207110380000000000000000000000000000
847,1677,4238.892,3.6122608,1.3357106,4.4611583,6057.761,2239.9868,7481.363,2.5276637
848,1712,-inf,3.70491,1.3427123,4.470339,6342.806,2298.7234,7653.2197,-inf
849,1764,4419.0806,3.9837852,1.3464321,4.440236,7027.397,2375.1062,7832.5767,2.5051477
850,1798,4379.0005,4.145947,1.3481054,4.435171,7454.413,2423.8936,7974.4375,2.4354842
851,1813,-340282350000000000000000000000000000000,4.350033,1.3445935,4.4156537,7886.6094,2437.748,8005.5806,-187690200000000000000000000000000000
852,1810,4374.437,4.581538,1.3305155,4.401547,8292.584,2408.2332,7966.8003,2.416816
853,1794,-inf,4.7509193,1.317621,4.3936186,8523.149,2363.812,7882.152,-inf
854,1814,4445.595,4.9376454,1.3119535,4.379992,8956.889,2379.8838,7945.305,2.450714
855,1794,-340282350000000000000000000000000000000,5.1721354,1.3073703,4.3639746,9278.811,2345.4224,7828.97,-189678000000000000000000000000000000
856,1795,4190.364,5.345027,1.305389,4.348439,9594.323,2343.1733,7805.448,2.3344646
857,1762,4134.492,5.263342,1.3020998,4.3644977,9274.009,2294.2998,7690.245,2.3464768
858,1699,4003.966,5.0698266,1.3011479,4.378563,8613.636,2210.6504,7439.178,2.3566604
859,1655,3871.906,4.946152,1.2948519,4.382491,8185.882,2142.98,7253.0225,2.3395202
860,1606,-340282350000000000000000000000000000000,4.8233123,1.2895119,4.378002,7746.2393,2070.956,7031.0713,-211881920000000000000000000000000000
861,1575,-340282350000000000000000000000000000000,4.8702626,1.2876489,4.3751016,7670.6636,2028.0471,6890.7847,-216052290000000000000000000000000000
862,1552,3810.0403,4.793529,1.292398,4.3826504,7439.557,2005.8016,6801.8735,2.454923
863,1546,-340282350000000000000000000000000000000,4.614584,1.3005036,4.3992205,7134.147,2010.5786,6801.195,-220105000000000000000000000000000000
864,1559,-inf,4.6154084,1.2974842,4.388872,7195.4214,2022.7778,6842.2515,-inf
865,1596,-inf,5.059832,1.296028,4.328391,8075.4917,2068.4607,6908.1123,-inf
866,1642,-inf,5.440596,1.2953717,4.2773404,8933.459,2127.0002,7023.393,-inf
867,1680,-340282350000000000000000000000000000000,5.5188007,1.2962085,4.2728963,9271.585,2177.6304,7178.466,-202549020000000000000000000000000000
868,1659,-340282350000000000000000000000000000000,5.4858665,1.3028812,4.278661,9101.053,2161.48,7098.298,-205112920000000000000000000000000000
869,1635,-340282350000000000000000000000000000000,5.3261595,1.3058383,4.2956605,8708.2705,2135.0457,7023.405,-208123770000000000000000000000000000
870,1631,-340282350000000000000000000000000000000,5.265061,1.305741,4.296319,8587.314,2129.6636,7007.2964,-208634170000000000000000000000000000
871,1635,-340282350000000000000000000000000000000,5.1747575,1.3108115,4.2982564,8460.729,2143.1768,7027.6494,-208123770000000000000000000000000000
872,1651,-340282350000000000000000000000000000000,5.354572,1.3159642,4.274307,8840.398,2172.657,7056.881,-206106820000000000000000000000000000
873,1681,4137.1553,5.522312,1.3167714,4.249472,9283.007,2213.4927,7143.3623,2.4611275
874,1715,4179.128,5.553109,1.3238734,4.2358646,9523.582,2270.4429,7264.508,2.4368093
875,1716,-340282350000000000000000000000000000000,5.5690026,1.3290052,4.235976,9556.408,2280.573,7268.935,-198299730000000000000000000000000000
876,1715,-inf,5.631007,1.3262634,4.235634,9657.178,2274.5417,7264.112,-inf
877,1711,-inf,5.789392,1.3239421,4.237636,9905.649,2265.265,7250.5957,-inf
878,1687,3994.5537,6.058312,1.3264058,4.240146,10220.372,2237.6465,7153.127,2.3678446
879,1630,-340282350000000000000000000000000000000,5.5732846,1.330154,4.294729,9084.454,2168.151,7000.4087,-208762170000000000000000000000000000
880,1586,-340282350000000000000000000000000000000,5.721039,1.321894,4.31344,9073.567,2096.524,6841.1157,-214553800000000000000000000000000000
881,1579,4042.95,5.163711,1.3177682,4.3509445,8153.4995,2080.756,6870.1416,2.5604496
882,1582,4089.005,5.2078214,1.3212843,4.3509665,8238.773,2090.2717,6883.229,2.584706
883,1591,3938.2656,5.5678515,1.3182249,4.33965,8858.452,2097.296,6904.3833,2.47534
884,1573,3797.992,5.1892996,1.3140581,4.367343,8162.7686,2067.0134,6869.8306,2.4144895
885,1547,-340282350000000000000000000000000000000,4.857076,1.3085785,4.396024,7513.897,2024.371,6800.6494,-219962730000000000000000000000000000
886,1525,-inf,4.3863726,1.3042747,4.4275827,6689.2183,1989.0188,6752.064,-inf
887,1511,-340282350000000000000000000000000000000,4.4301033,1.2909247,4.4325366,6693.886,1950.5872,6697.5625,-225203400000000000000000000000000000
888,1543,4001.5576,4.6401057,1.2878407,4.4317436,7159.683,1987.1383,6838.1807,2.593362
889,1567,-340282350000000000000000000000000000000,4.9351625,1.2825787,4.427486,7733.3994,2009.8009,6937.87,-217155300000000000000000000000000000
890,1581,-340282350000000000000000000000000000000,5.09271,1.2812225,4.4175124,8051.574,2025.6127,6984.087,-215232360000000000000000000000000000
891,1581,-340282350000000000000000000000000000000,4.902249,1.2689577,4.4091,7750.455,2006.2222,6970.787,-215232360000000000000000000000000000
892,1591,3931.0896,4.4715786,1.2660558,4.412947,7114.2813,2014.2948,7020.999,2.4708295
893,1590,-340282350000000000000000000000000000000,4.5344777,1.2656853,4.416232,7209.8193,2012.4397,7021.809,-214014060000000000000000000000000000
894,1629,-inf,4.6562023,1.2677739,4.415262,7584.9536,2065.2036,7192.462,-inf
895,1637,4023.4338,4.487215,1.2679001,4.417666,7345.571,2075.5525,7231.719,2.4578092
896,1668,-inf,4.5601497,1.2743592,4.4086957,7606.3296,2125.631,7353.704,-inf
897,1696,-inf,4.682829,1.2855655,4.4059725,7942.078,2180.319,7472.5293,-inf
898,1752,-340282350000000000000000000000000000000,4.833123,1.2872499,4.397881,8467.632,2255.262,7705.0874,-194225090000000000000000000000000000
899,1799,-inf,4.8751435,1.2988081,4.3813925,8770.383,2336.5557,7882.1255,-inf
900,1854,-340282350000000000000000000000000000000,4.97751,1.3054615,4.3618636,9228.304,2420.3257,8086.895,-183539570000000000000000000000000000
901,1854,-340282350000000000000000000000000000000,4.935735,1.3114641,4.3556814,9150.854,2431.4543,8075.4336,-183539570000000000000000000000000000
902,1867,-340282350000000000000000000000000000000,4.8543873,1.3187821,4.339109,9063.141,2462.1663,8101.116,-182261580000000000000000000000000000
903,1866,-340282350000000000000000000000000000000,4.7973313,1.3235955,4.33019,8951.82,2469.8293,8080.1353,-182359240000000000000000000000000000
904,1858,-inf,4.7844734,1.3252741,4.323669,8889.552,2462.3594,8033.377,-inf
905,1835,-340282350000000000000000000000000000000,4.812793,1.3211975,4.3122253,8831.475,2424.3975,7912.9336,-185439970000000000000000000000000000
906,1787,4163.708,4.7364936,1.3153131,4.3146334,8464.114,2350.4646,7710.2495,2.329999
907,1781,-340282350000000000000000000000000000000,4.623567,1.3191568,4.3106017,8234.573,2349.4182,7677.1816,-191062520000000000000000000000000000
908,1748,4183.519,4.59949,1.3206064,4.2932634,8039.909,2308.42,7504.6245,2.3933175
909,1737,-340282350000000000000000000000000000000,4.5888968,1.3098994,4.2806935,7970.9136,2275.2954,7435.5645,-195902330000000000000000000000000000
910,1734,-340282350000000000000000000000000000000,4.695775,1.3045092,4.282131,8142.474,2262.0188,7425.2153,-196241270000000000000000000000000000
911,1686,3996.0916,4.741384,1.2940838,4.304076,7993.9736,2181.8254,7256.6724,2.370161
912,1675,-inf,4.860652,1.2785298,4.3338804,8141.5923,2141.5374,7259.25,-inf
913,1651,-inf,4.9889455,1.2722352,4.356596,8236.749,2100.4602,7192.7397,-inf
914,1586,-340282350000000000000000000000000000000,4.8564024,1.2706993,4.3874087,7702.254,2015.3291,6958.43,-214553800000000000000000000000000000
915,1557,-340282350000000000000000000000000000000,4.8104,1.2728894,4.396474,7489.7925,1981.8887,6845.3096,-218550000000000000000000000000000000
916,1551,-340282350000000000000000000000000000000,4.757902,1.2752903,4.437227,7379.506,1977.9752,6882.1387,-219395460000000000000000000000000000
917,1541,-340282350000000000000000000000000000000,4.7158036,1.2699739,4.434438,7267.053,1957.0297,6833.469,-220819170000000000000000000000000000
918,1559,-inf,4.835233,1.2692697,4.426907,7538.1284,1978.7915,6901.5483,-inf
